Date,Value
2007-01-01,6.48
2007-01-02,7.0
2007-01-03,12.7
2007-01-04,10.07
2007-01-05,11.14
2007-01-06,11.97
2007-01-07,6.95
2007-01-08,7.67
2007-01-09,10.17
2007-01-10,17.43
2007-01-11,13.87
2007-01-12,12.13
2007-01-13,21.91
2007-01-14,13.4
2007-01-15,28.54
2007-01-16,43.7
2007-01-17,24.46
2007-01-18,11.11
2007-01-19,4.94
2007-01-20,8.42
2007-01-21,12.07
2007-01-22,18.26
2007-01-23,11.96
2007-01-24,20.03
2007-01-26,42.04
2007-01-27,34.5
2007-01-28,26.68
2007-01-29,25.89
2007-01-30,42.45
2007-01-31,57.46
2007-02-01,44.21
2007-02-02,45.15
2007-02-03,36.93
2007-02-04,28.93
2007-02-05,39.74
2007-02-06,16.52
2007-02-07,19.6
2007-02-09,25.1
2007-02-10,13.5
2007-02-11,10.8
2007-02-12,7.33
2007-02-13,9.26
2007-02-14,21.65
2007-02-15,20.62
2007-02-16,37.23
2007-02-17,47.73
2007-02-18,42.87
2007-02-19,33.31
2007-02-20,38.81
2007-02-21,29.42
2007-02-22,37.27
2007-02-23,35.38
2007-02-24,14.14
2007-02-25,3.07
2007-02-26,5.11
2007-02-27,11.41
2007-02-28,7.34
2007-03-01,8.81
2007-03-02,7.85
2007-03-03,5.79
2007-03-04,11.47
2007-03-05,12.31
2007-03-06,22.35
2007-03-07,11.33
2007-03-08,25.57
2007-03-09,29.08
2007-03-10,11.93
2007-03-11,14.64
2007-03-12,28.0
2007-03-13,38.96
2007-03-14,45.83
2007-03-15,70.36
2007-03-16,78.59
2007-03-17,54.21
2007-03-18,23.19
2007-03-19,7.65
2007-03-20,20.04
2007-03-22,19.0
2007-03-23,16.17
2007-03-24,17.42
2007-03-25,23.6
2007-03-26,37.26
2007-03-27,29.68
2007-03-28,27.77
2007-03-29,28.55
2007-03-30,21.96
2007-03-31,16.18
2007-04-01,27.89
2007-04-02,27.36
2007-04-03,27.36
2007-04-04,27.58
2007-04-05,41.25
2007-04-06,33.41
2007-04-07,26.15
2007-04-08,43.45
2007-04-09,24.39
2007-04-10,23.9
2007-04-11,35.99
2007-04-12,35.2
2007-04-13,35.35
2007-04-14,29.54
2007-04-15,20.68
2007-04-16,26.64
2007-04-17,26.68
2007-04-18,34.77
2007-04-19,37.01
2007-04-20,36.32
2007-04-21,32.95
2007-04-22,19.95
2007-04-23,24.02
2007-04-24,24.89
2007-04-25,26.37
2007-04-26,28.69
2007-04-27,21.56
2007-04-28,20.75
2007-04-29,20.93
2007-04-30,27.17
2007-05-01,24.45
2007-05-02,22.49
2007-05-03,15.29
2007-05-04,23.8
2007-05-05,12.09
2007-05-06,21.67
2007-05-07,23.11
2007-05-08,9.32
2007-05-09,8.4
2007-05-10,15.89
2007-05-11,18.2
2007-05-12,10.74
2007-05-13,16.36
2007-05-14,24.43
2007-05-15,8.49
2007-05-17,3.86
2007-05-18,11.77
2007-05-19,16.21
2007-05-20,16.99
2007-05-21,16.81
2007-05-22,19.19
2007-05-23,26.82
2007-05-24,30.02
2007-05-25,41.13
2007-05-26,31.55
2007-05-27,9.36
2007-05-28,6.16
2007-05-29,8.58
2007-05-30,16.28
2007-05-31,18.15
2007-06-01,8.88
2007-06-02,11.06
2007-06-03,22.2
2007-06-04,23.25
2007-06-05,23.81
2007-06-06,26.25
2007-06-07,20.51
2007-06-08,17.17
2007-06-09,16.97
2007-06-10,18.98
2007-06-11,18.11
2007-06-12,14.51
2007-06-13,18.08
2007-06-14,22.34
2007-06-15,12.5
2007-06-16,10.88
2007-06-17,12.72
2007-06-18,12.16
2007-06-19,18.18
2007-06-20,26.8
2007-06-21,13.95
2007-06-22,13.22
2007-06-23,8.66
2007-06-24,11.29
2007-06-25,14.17
2007-06-26,9.15
2007-06-27,9.57
2007-06-28,12.61
2007-06-29,15.27
2007-06-30,16.72
2007-07-01,18.15
2007-07-02,9.6
2007-07-03,12.42
2007-07-05,9.49
2007-07-06,10.06
2007-07-07,9.64
2007-07-08,10.8
2007-07-09,10.85
2007-07-10,6.23
2007-07-11,9.13
2007-07-12,13.67
2007-07-13,19.25
2007-07-14,18.76
2007-07-15,19.06
2007-07-16,29.21
2007-07-17,31.22
2007-07-18,33.6
2007-07-19,26.96
2007-07-20,21.75
2007-07-21,14.8
2007-07-22,12.25
2007-07-23,18.18
2007-07-24,7.7
2007-07-25,13.92
2007-07-26,18.02
2007-07-27,16.21
2007-07-28,15.45
2007-07-29,11.97
2007-07-30,10.8
2007-07-31,14.98
2007-08-01,30.78
2007-08-02,25.37
2007-08-03,17.53
2007-08-04,19.04
2007-08-05,20.57
2007-08-06,25.12
2007-08-07,11.91
2007-08-08,7.96
2007-08-09,5.17
2007-08-10,9.75
2007-08-11,13.61
2007-08-12,16.1
2007-08-13,18.13
2007-08-14,21.76
2007-08-15,22.88
2007-08-16,12.61
2007-08-17,11.92
2007-08-18,15.08
2007-08-19,12.34
2007-08-20,8.49
2007-08-21,11.97
2007-08-22,8.59
2007-08-23,11.43
2007-08-24,17.13
2007-08-25,18.31
2007-08-26,20.52
2007-08-27,31.36
2007-08-28,38.66
2007-08-29,23.37
2007-08-30,17.29
2007-08-31,26.81
2007-09-01,16.03
2007-09-02,15.18
2007-09-03,15.42
2007-09-04,11.59
2007-09-05,14.5
2007-09-06,16.42
2007-09-07,20.04
2007-09-08,17.32
2007-09-09,14.51
2007-09-10,17.7
2007-09-11,18.58
2007-09-12,23.09
2007-09-13,31.79
2007-09-14,31.68
2007-09-15,30.38
2007-09-16,29.42
2007-09-17,33.68
2007-09-18,9.96
2007-09-19,15.89
2007-09-20,22.15
2007-09-21,27.31
2007-09-22,23.8
2007-09-23,24.91
2007-09-28,7.18
2007-09-29,12.98
2007-09-30,14.11
2007-10-01,27.0
2007-10-02,32.6
2007-10-03,31.13
2007-10-04,17.3
2007-10-05,25.07
2007-10-06,39.88
2007-10-07,30.28
2007-10-08,28.95
2007-10-09,37.83
2007-10-10,39.12
2007-10-11,57.44
2007-10-12,47.86
2007-10-13,48.77
2007-10-14,41.65
2007-10-15,40.61
2007-10-16,42.27
2007-10-17,29.84
2007-10-18,16.36
2007-10-19,17.87
2007-10-20,13.62
2007-10-21,15.54
2007-10-22,20.77
2007-10-23,30.34
2007-10-24,23.6
2007-10-25,28.66
2007-10-26,35.22
2007-10-27,44.76
2007-10-28,50.22
2007-10-29,46.68
2007-10-30,18.34
2007-10-31,22.91
2007-11-01,27.58
2007-11-02,33.83
2007-11-03,39.77
2007-11-04,27.48
2007-11-05,25.21
2007-11-06,29.48
2007-11-07,28.94
2007-11-08,18.64
2007-11-09,11.29
2007-11-10,10.36
2007-11-11,6.55
2007-11-12,12.97
2007-11-13,16.46
2007-11-14,10.47
2007-11-15,13.55
2007-11-16,20.54
2007-11-17,31.93
2007-11-18,43.02
2007-11-19,54.39
2007-11-20,52.33
2007-11-21,46.83
2007-11-22,40.05
2007-11-23,26.11
2007-11-24,15.18
2007-11-25,17.4
2007-11-26,19.7
2007-11-27,21.02
2007-11-28,46.88
2007-11-29,56.49
2007-11-30,40.18
2007-12-01,22.96
2007-12-02,7.46
2007-12-03,7.61
2007-12-04,10.87
2007-12-05,27.04
2007-12-06,13.05
2007-12-07,7.72
2007-12-08,7.34
2007-12-09,5.4
2007-12-10,5.18
2007-12-11,12.05
2007-12-12,17.32
2007-12-13,16.6
2007-12-14,24.2
2007-12-15,22.43
2007-12-16,23.23
2007-12-17,24.94
2007-12-18,39.68
2007-12-19,53.08
2007-12-20,56.98
2007-12-21,39.76
2007-12-22,45.84
2007-12-23,43.22
2007-12-24,51.5
2007-12-25,42.9
2007-12-26,42.93
2007-12-27,37.97
2007-12-28,43.08
2007-12-29,47.69
2007-12-30,14.9
2007-12-31,22.86
2008-01-01,33.44
2008-01-02,32.04
2008-01-03,54.21
2008-01-04,67.81
2008-01-05,32.39
2008-01-06,8.46
2008-01-07,10.61
2008-01-08,25.97
2008-01-09,23.01
2008-01-10,31.51
2008-01-11,37.78
2008-01-12,16.03
2008-01-13,25.52
2008-01-14,40.86
2008-01-15,32.36
2008-01-16,12.41
2008-01-17,14.85
2008-01-18,12.34
2008-01-19,10.89
2008-01-20,15.99
2008-01-21,24.66
2008-01-22,13.8
2008-01-23,29.38
2008-01-24,47.84
2008-01-25,30.9
2008-01-26,44.12
2008-01-27,45.88
2008-01-28,49.16
2008-01-29,65.8
2008-01-30,58.55
2008-01-31,37.19
2008-02-01,20.1
2008-02-02,13.49
2008-02-03,23.67
2008-02-04,19.74
2008-02-05,20.39
2008-02-06,11.02
2008-02-07,22.46
2008-02-08,35.63
2008-02-09,43.05
2008-02-10,48.54
2008-02-11,70.9
2008-02-12,89.32
2008-02-13,89.49
2008-02-14,80.37
2008-02-15,60.45
2008-02-16,36.34
2008-02-17,48.88
2008-02-18,75.05
2008-02-19,75.55
2008-02-20,50.16
2008-02-21,34.35
2008-02-22,31.97
2008-02-23,30.14
2008-02-24,32.05
2008-02-25,35.56
2008-02-26,30.66
2008-02-27,18.86
2008-02-28,39.55
2008-02-29,17.48
2008-03-01,8.17
2008-03-02,15.37
2008-03-03,13.6
2008-03-04,13.35
2008-03-05,12.49
2008-03-06,15.03
2008-03-07,24.23
2008-03-08,30.83
2008-03-09,26.63
2008-03-10,14.71
2008-03-11,10.15
2008-03-12,7.73
2008-03-13,16.38
2008-03-14,16.32
2008-03-15,25.74
2008-03-16,5.74
2008-03-17,9.29
2008-03-18,22.13
2008-03-19,28.0
2008-03-20,23.51
2008-03-21,7.99
2008-03-22,14.46
2008-03-23,15.16
2008-03-24,14.82
2008-03-25,14.61
2008-03-26,20.39
2008-03-27,16.74
2008-03-28,24.76
2008-04-01,26.13
2008-04-02,16.79
2008-04-03,19.05
2008-04-04,20.42
2008-04-05,22.23
2008-04-06,15.26
2008-04-07,17.06
2008-04-08,31.15
2008-04-09,41.78
2008-04-10,15.07
2008-04-11,14.01
2008-04-12,26.84
2008-04-13,13.72
2008-04-14,9.68
2008-04-15,14.01
2008-04-16,17.91
2008-04-17,29.72
2008-04-18,47.48
2008-04-19,15.26
2008-04-20,15.28
2008-04-21,12.46
2008-04-22,7.35
2008-04-23,16.87
2008-04-24,21.88
2008-04-25,21.04
2008-04-26,25.51
2008-04-27,23.22
2008-04-28,24.7
2008-04-29,12.81
2008-04-30,16.1
2008-05-01,11.12
2008-05-02,19.64
2008-05-03,22.77
2008-05-04,24.27
2008-05-05,26.72
2008-05-06,26.98
2008-05-07,32.37
2008-05-08,31.93
2008-05-09,33.16
2008-05-10,31.38
2008-05-11,22.68
2008-05-12,12.74
2008-05-13,18.87
2008-05-14,24.16
2008-05-15,23.06
2008-05-16,19.83
2008-05-17,14.49
2008-05-18,11.47
2008-05-19,15.73
2008-05-20,22.13
2008-05-21,20.89
2008-05-22,26.81
2008-05-23,26.59
2008-05-24,25.19
2008-05-25,17.11
2008-05-26,21.01
2008-05-27,31.19
2008-05-28,41.27
2008-05-29,33.76
2008-05-30,17.37
2008-05-31,10.44
2008-06-01,12.66
2008-06-02,16.79
2008-06-03,11.56
2008-06-04,9.8
2008-06-05,12.67
2008-06-06,8.05
2008-06-07,5.59
2008-06-08,10.04
2008-06-09,16.62
2008-06-10,12.73
2008-06-11,9.69
2008-06-12,16.41
2008-06-13,9.11
2008-06-14,13.44
2008-06-15,11.68
2008-06-16,10.15
2008-06-17,14.28
2008-06-18,10.82
2008-06-19,13.3
2008-06-20,14.89
2008-06-21,16.22
2008-06-24,25.98
2008-06-25,28.76
2008-06-26,28.69
2008-06-27,21.31
2008-06-28,15.89
2008-06-29,17.15
2008-06-30,17.65
2008-07-01,21.43
2008-07-02,21.77
2008-07-03,18.19
2008-07-04,11.94
2008-07-05,13.03
2008-07-06,9.13
2008-07-07,10.11
2008-07-08,8.21
2008-07-09,11.2
2008-07-10,15.95
2008-07-11,18.11
2008-07-12,9.5
2008-07-13,5.79
2008-07-14,9.37
2008-07-17,15.86
2008-07-18,13.34
2008-07-19,10.33
2008-07-20,12.9
2008-07-21,12.36
2008-07-22,13.12
2008-07-23,16.08
2008-07-24,17.26
2008-07-25,23.83
2008-07-26,21.79
2008-07-27,18.71
2008-07-28,20.53
2008-07-29,21.89
2008-07-30,23.56
2008-07-31,17.12
2008-08-01,16.23
2008-08-02,17.93
2008-08-03,8.29
2008-08-04,10.07
2008-08-05,9.89
2008-08-06,18.69
2008-08-07,17.63
2008-08-08,8.63
2008-08-09,7.23
2008-08-10,10.32
2008-08-11,14.48
2008-08-12,12.18
2008-08-13,9.22
2008-08-14,15.38
2008-08-15,6.6
2008-08-16,13.63
2008-08-17,15.28
2008-08-18,12.5
2008-08-19,16.88
2008-08-20,9.06
2008-08-21,15.21
2008-08-22,14.78
2008-08-23,8.24
2008-08-24,9.52
2008-08-25,13.64
2008-08-26,18.84
2008-08-27,24.28
2008-08-29,31.0
2008-08-30,33.83
2008-08-31,20.21
2008-09-01,17.66
2008-09-02,18.02
2008-09-03,16.5
2008-09-04,11.58
2008-09-05,14.17
2008-09-06,17.37
2008-09-07,8.38
2008-09-08,13.28
2008-09-09,20.06
2008-09-10,45.35
2008-09-11,44.34
2008-09-12,12.83
2008-09-13,5.63
2008-09-14,12.59
2008-09-15,20.5
2008-09-16,17.39
2008-09-17,26.29
2008-09-18,42.6
2008-09-19,24.3
2008-09-20,28.0
2008-09-21,20.22
2008-09-22,20.33
2008-09-23,18.22
2008-09-24,31.4
2008-09-25,27.71
2008-09-26,21.43
2008-09-27,29.75
2008-09-28,30.38
2008-09-29,25.24
2008-09-30,26.3
2008-10-01,11.97
2008-10-02,9.78
2008-10-03,7.45
2008-10-04,7.78
2008-10-05,8.18
2008-10-06,10.22
2008-10-07,18.66
2008-10-08,32.64
2008-10-09,29.19
2008-10-10,43.42
2008-10-11,39.03
2008-10-12,25.15
2008-10-13,35.24
2008-10-14,63.83
2008-10-15,83.17
2008-10-16,32.22
2008-10-17,12.74
2008-10-18,23.43
2008-10-19,34.47
2008-10-20,25.33
2008-10-21,30.31
2008-10-22,11.18
2008-10-23,14.42
2008-10-24,31.02
2008-10-25,26.1
2008-10-26,30.46
2008-10-27,20.67
2008-10-28,9.07
2008-10-29,6.66
2008-10-30,14.43
2008-10-31,23.74
2008-11-01,21.97
2008-11-02,26.26
2008-11-03,32.67
2008-11-04,30.34
2008-11-05,36.29
2008-11-06,36.82
2008-11-07,46.14
2008-11-08,38.29
2008-11-09,16.18
2008-11-10,17.59
2008-11-11,19.1
2008-11-12,13.72
2008-11-13,21.3
2008-11-14,27.53
2008-11-15,32.75
2008-11-16,31.13
2008-11-17,24.69
2008-11-18,20.94
2008-11-19,23.08
2008-11-20,19.65
2008-11-21,8.87
2008-11-22,9.82
2008-11-23,11.57
2008-11-24,10.9
2008-11-25,20.25
2008-11-26,27.76
2008-11-27,38.71
2008-11-28,44.47
2008-11-29,52.07
2008-11-30,28.71
2008-12-01,18.23
2008-12-02,19.11
2008-12-03,19.89
2008-12-04,16.69
2008-12-05,6.48
2008-12-06,7.75
2008-12-07,14.58
2008-12-08,24.74
2008-12-09,33.55
2008-12-10,10.55
2008-12-11,15.22
2008-12-12,21.04
2008-12-13,30.18
2008-12-14,45.31
2008-12-15,50.71
2008-12-16,32.75
2008-12-17,19.88
2008-12-18,29.27
2008-12-19,27.75
2008-12-20,18.59
2008-12-21,15.81
2008-12-22,20.61
2008-12-23,26.02
2008-12-24,28.27
2008-12-25,16.14
2008-12-26,18.42
2008-12-27,25.0
2008-12-28,29.79
2008-12-29,53.16
2008-12-30,73.75
2008-12-31,48.81
2009-01-01,24.18
2009-01-02,25.65
2009-01-03,28.83
2009-01-04,39.37
2009-01-05,40.38
2009-01-06,41.2
2009-01-07,45.36
2009-01-08,48.75
2009-01-09,59.6
2009-01-10,56.8
2009-01-11,65.95
2009-01-12,57.86
2009-01-13,65.44
2009-01-14,53.9
2009-01-15,42.44
2009-01-16,56.42
2009-01-17,58.97
2009-01-18,20.79
2009-01-19,18.06
2009-01-20,13.38
2009-01-21,27.17
2009-01-22,27.89
2009-01-26,32.89
2009-01-27,41.56
2009-01-28,46.61
2009-01-29,46.61
2009-01-30,47.67
2009-01-31,45.4
2009-02-01,37.05
2009-02-02,62.77
2009-02-03,53.56
2009-02-04,53.59
2009-02-05,46.68
2009-02-06,43.01
2009-02-07,15.33
2009-02-08,16.42
2009-02-09,24.55
2009-02-10,8.75
2009-02-11,22.29
2009-02-12,16.62
2009-02-13,28.98
2009-02-14,22.86
2009-02-15,31.97
2009-02-16,38.33
2009-02-18,26.56
2009-02-19,44.1
2009-02-20,50.94
2009-02-21,36.56
2009-02-22,29.69
2009-02-23,18.57
2009-02-24,18.6
2009-02-26,38.85
2009-02-27,42.6
2009-03-05,10.49
2009-03-06,12.0
2009-03-07,30.24
2009-03-08,20.22
2009-03-09,11.43
2009-03-10,15.67
2009-03-11,13.83
2009-03-12,24.41
2009-03-13,22.84
2009-03-14,20.07
2009-03-15,17.85
2009-03-16,24.59
2009-03-17,34.26
2009-03-18,40.55
2009-03-19,30.8
2009-03-20,20.52
2009-03-21,24.5
2009-03-22,26.83
2009-03-23,38.22
2009-03-24,16.06
2009-03-25,15.93
2009-03-26,15.7
2009-03-27,15.95
2009-03-28,13.75
2009-03-29,9.5
2009-03-30,21.19
2009-03-31,32.65
2009-04-01,35.77
2009-04-02,55.39
2009-04-03,38.07
2009-04-04,30.49
2009-04-05,38.64
2009-04-06,35.9
2009-04-07,30.47
2009-04-08,31.48
2009-04-09,36.06
2009-04-10,24.78
2009-04-11,19.62
2009-04-12,22.1
2009-04-13,27.85
2009-04-14,37.92
2009-04-15,33.29
2009-04-16,20.08
2009-04-17,11.7
2009-04-18,10.08
2009-04-19,18.88
2009-04-20,30.45
2009-04-21,32.08
2009-04-22,29.85
2009-04-23,30.93
2009-04-24,20.28
2009-04-25,20.03
2009-04-26,17.93
2009-04-27,14.34
2009-04-28,10.3
2009-04-29,10.13
2009-04-30,15.92
2009-05-01,24.87
2009-05-02,27.75
2009-05-03,23.97
2009-05-04,17.93
2009-05-05,21.96
2009-05-06,19.23
2009-05-07,19.92
2009-05-08,20.96
2009-05-09,20.9
2009-05-10,21.43
2009-05-11,26.23
2009-05-12,29.24
2009-05-13,32.79
2009-05-14,27.2
2009-05-15,13.54
2009-05-16,14.54
2009-05-17,16.4
2009-05-18,12.39
2009-05-19,17.97
2009-05-20,22.37
2009-05-21,27.9
2009-05-22,30.12
2009-05-23,35.02
2009-05-24,40.89
2009-05-25,40.22
2009-05-26,28.55
2009-05-27,14.38
2009-05-28,14.68
2009-05-29,17.36
2009-05-30,14.51
2009-05-31,16.53
2009-06-01,14.81
2009-06-02,20.47
2009-06-03,23.6
2009-06-04,19.81
2009-06-05,25.58
2009-06-06,14.14
2009-06-07,10.08
2009-06-08,20.07
2009-06-09,12.44
2009-06-10,12.83
2009-06-11,10.41
2009-06-12,14.63
2009-06-13,17.2
2009-06-14,16.77
2009-06-15,19.34
2009-06-16,14.32
2009-06-17,19.61
2009-06-18,26.6
2009-06-19,20.35
2009-06-20,15.45
2009-06-21,15.39
2009-06-22,10.99
2009-06-23,13.13
2009-06-24,15.18
2009-06-25,24.62
2009-06-26,20.67
2009-06-27,14.96
2009-06-28,18.78
2009-06-29,22.96
2009-06-30,27.0
2009-07-01,26.05
2009-07-02,24.08
2009-07-03,25.26
2009-07-04,21.25
2009-07-05,17.02
2009-07-06,14.6
2009-07-07,12.16
2009-07-08,10.67
2009-07-09,13.78
2009-07-10,14.18
2009-07-11,16.56
2009-07-12,16.38
2009-07-13,29.37
2009-07-14,28.38
2009-07-15,21.53
2009-07-16,29.51
2009-07-17,14.42
2009-07-18,9.05
2009-07-19,10.53
2009-07-20,13.24
2009-07-21,21.33
2009-07-22,28.73
2009-07-23,32.07
2009-07-24,16.02
2009-07-25,12.63
2009-07-26,14.65
2009-07-27,20.96
2009-07-28,16.95
2009-07-29,22.43
2009-07-30,18.14
2009-07-31,21.98
2009-08-01,27.92
2009-08-02,15.8
2009-08-03,9.91
2009-08-04,17.04
2009-08-05,21.12
2009-08-06,23.87
2009-08-07,22.81
2009-08-08,16.4
2009-08-09,18.2
2009-08-10,14.1
2009-08-11,16.51
2009-08-12,18.42
2009-08-13,23.76
2009-08-14,23.32
2009-08-15,23.7
2009-08-16,22.28
2009-08-17,21.09
2009-08-18,28.69
2009-08-19,32.49
2009-08-20,26.75
2009-08-21,25.5
2009-08-22,16.37
2009-08-23,23.48
2009-08-24,26.82
2009-08-25,19.45
2009-08-26,20.79
2009-08-27,25.74
2009-08-28,21.17
2009-08-29,17.1
2009-08-30,16.64
2009-08-31,24.09
2009-09-01,26.75
2009-09-02,20.5
2009-09-03,16.84
2009-09-04,11.0
2009-09-05,12.17
2009-09-06,14.21
2009-09-07,19.69
2009-09-08,26.74
2009-09-09,28.86
2009-09-10,28.5
2009-09-11,43.61
2009-09-12,30.61
2009-09-13,25.33
2009-09-14,15.63
2009-09-15,21.74
2009-09-16,33.15
2009-09-17,36.87
2009-09-18,31.71
2009-09-19,25.49
2009-09-20,15.77
2009-09-21,29.48
2009-09-22,38.67
2009-09-23,33.52
2009-09-24,39.52
2009-09-25,38.86
2009-09-26,32.79
2009-09-27,33.25
2009-09-28,28.44
2009-09-29,27.03
2009-09-30,32.36
2009-10-01,29.32
2009-10-02,24.07
2009-10-03,19.95
2009-10-04,20.26
2009-10-05,26.07
2009-10-06,26.27
2009-10-07,29.65
2009-10-08,21.56
2009-10-09,23.92
2009-10-10,15.77
2009-10-11,13.11
2009-10-12,13.23
2009-10-13,19.39
2009-10-14,18.05
2009-10-15,17.33
2009-10-16,18.7
2009-10-17,15.74
2009-10-18,15.1
2009-10-19,23.78
2009-10-20,34.29
2009-10-21,45.12
2009-10-22,30.78
2009-10-23,21.8
2009-10-24,21.09
2009-10-25,22.38
2009-10-28,37.67
2009-10-29,37.18
2009-10-30,45.81
2009-10-31,54.03
2009-11-01,44.06
2009-11-02,12.16
2009-11-03,11.34
2009-11-04,9.52
2009-11-06,16.55
2009-11-07,14.67
2009-11-08,9.96
2009-11-09,15.75
2009-11-10,14.61
2009-11-11,26.33
2009-11-12,20.83
2009-11-13,30.93
2009-11-14,18.95
2009-11-15,17.09
2009-11-16,28.54
2009-11-17,31.57
2009-11-18,28.99
2009-11-19,35.09
2009-11-20,53.22
2009-11-21,46.29
2009-11-22,25.55
2009-11-23,9.62
2009-11-24,10.71
2009-11-25,22.3
2009-11-26,16.1
2009-11-27,14.51
2009-11-28,12.44
2009-11-29,23.6
2009-11-30,15.99
2009-12-01,15.32
2009-12-02,23.57
2009-12-03,26.18
2009-12-04,21.97
2009-12-05,22.31
2009-12-06,20.02
2009-12-07,19.84
2009-12-08,10.46
2009-12-09,25.48
2009-12-10,25.26
2009-12-11,22.82
2009-12-12,14.82
2009-12-13,21.36
2009-12-14,27.31
2009-12-15,33.3
2009-12-16,36.1
2009-12-17,49.13
2009-12-18,42.77
2009-12-19,33.97
2009-12-20,23.76
2009-12-21,25.92
2009-12-22,33.09
2009-12-23,15.25
2009-12-24,27.28
2009-12-25,9.83
2009-12-26,22.27
2009-12-27,19.13
2009-12-28,23.43
2009-12-29,25.92
2009-12-30,12.88
2009-12-31,17.8
2010-01-01,19.28
2010-01-02,12.17
2010-01-03,17.89
2010-01-04,25.02
2010-01-05,48.74
2010-01-06,39.83
2010-01-07,26.31
2010-01-08,35.97
2010-01-09,31.53
2010-01-10,41.77
2010-01-11,43.81
2010-01-12,48.7
2010-01-13,57.86
2010-01-14,23.62
2010-01-15,34.64
2010-01-16,30.31
2010-01-17,5.96
2010-01-18,16.9
2010-01-19,30.54
2010-01-20,35.63
2010-01-21,20.0
2010-01-22,31.28
2010-01-23,50.66
2010-01-24,47.47
2010-01-25,38.55
2010-01-26,25.38
2010-01-27,63.71
2010-01-28,33.78
2010-01-29,12.94
2010-01-30,8.72
2010-01-31,16.68
2010-02-01,26.79
2010-02-02,20.02
2010-02-03,14.79
2010-02-04,33.94
2010-02-05,23.92
2010-02-06,14.59
2010-02-10,31.71
2010-02-11,65.56
2010-02-12,79.05
2010-02-13,69.27
2010-02-14,57.98
2010-02-15,53.73
2010-02-16,84.07
2010-02-17,99.32
2010-02-18,53.66
2010-02-19,21.95
2010-02-20,17.88
2010-02-21,13.69
2010-02-22,21.64
2010-02-23,8.28
2010-02-24,9.99
2010-02-25,17.48
2010-02-26,5.54
2010-02-27,11.9
2010-02-28,8.74
2010-03-01,13.1
2010-03-05,15.24
2010-03-06,13.14
2010-03-07,25.96
2010-03-08,30.5
2010-03-09,32.14
2010-03-10,46.04
2010-03-11,55.3
2010-03-12,61.32
2010-03-13,54.48
2010-03-14,33.89
2010-03-15,31.48
2010-03-16,24.11
2010-03-17,27.88
2010-03-18,27.08
2010-03-19,32.24
2010-03-20,32.9
2010-03-21,14.07
2010-03-22,17.18
2010-03-23,25.11
2010-03-24,28.25
2010-03-25,33.29
2010-03-26,15.79
2010-03-27,2.15
2010-03-28,1.64
2010-03-29,12.85
2010-03-30,14.07
2010-03-31,5.96
2010-04-01,7.96
2010-04-02,8.68
2010-04-03,9.9
2010-04-04,2.37
2010-04-05,6.13
2010-04-06,17.36
2010-04-07,23.33
2010-04-08,24.01
2010-04-09,61.99
2010-04-10,47.37
2010-04-11,13.38
2010-04-12,15.62
2010-04-13,22.5
2010-04-14,25.17
2010-04-15,21.6
2010-04-16,36.19
2010-04-17,38.4
2010-04-18,31.32
2010-04-19,25.21
2010-04-20,30.69
2010-04-21,22.26
2010-04-22,36.86
2010-04-23,42.23
2010-04-24,37.5
2010-04-25,20.81
2010-04-26,13.68
2010-04-27,18.63
2010-04-28,24.49
2010-04-29,22.86
2010-04-30,24.0
2010-05-01,20.77
2010-05-02,7.74
2010-05-03,9.07
2010-05-04,9.52
2010-05-05,3.35
2010-05-06,8.41
2010-05-07,13.07
2010-05-08,19.01
2010-05-09,8.28
2010-05-10,10.8
2010-05-11,10.39
2010-05-12,9.52
2010-05-13,3.53
2010-05-14,9.44
2010-05-15,16.22
2010-05-16,26.17
2010-05-17,25.04
2010-05-18,26.84
2010-05-19,22.09
2010-05-20,16.73
2010-05-21,16.12
2010-05-22,18.99
2010-05-23,19.93
2010-05-24,17.19
2010-05-25,17.03
2010-05-26,13.69
2010-05-27,8.04
2010-05-28,10.99
2010-05-29,14.59
2010-05-30,5.05
2010-05-31,8.72
2010-06-01,9.14
2010-06-02,13.89
2010-06-03,13.15
2010-06-04,11.6
2010-06-05,17.52
2010-06-06,13.81
2010-06-07,11.2
2010-06-08,18.71
2010-06-09,20.02
2010-06-10,20.27
2010-06-11,21.53
2010-06-12,12.69
2010-06-13,7.92
2010-06-14,11.88
2010-06-15,18.68
2010-06-16,15.08
2010-06-17,7.94
2010-06-18,9.9
2010-06-19,12.37
2010-06-20,11.61
2010-06-21,13.33
2010-06-22,15.42
2010-06-23,16.81
2010-06-24,19.0
2010-06-25,21.22
2010-06-26,20.27
2010-06-27,21.28
2010-06-28,22.89
2010-06-29,25.83
2010-06-30,29.39
2010-07-01,34.24
2010-07-02,25.82
2010-07-03,20.85
2010-07-04,16.61
2010-07-05,14.45
2010-07-06,15.42
2010-07-07,19.56
2010-07-08,21.4
2010-07-09,24.36
2010-07-10,27.41
2010-07-11,21.38
2010-07-12,24.74
2010-07-13,21.36
2010-07-14,30.0
2010-07-15,16.05
2010-07-16,24.45
2010-07-17,15.6
2010-07-18,13.47
2010-07-19,17.39
2010-07-20,18.27
2010-07-21,23.81
2010-07-22,21.75
2010-07-23,12.86
2010-07-24,10.0
2010-07-25,11.96
2010-07-26,12.12
2010-07-27,11.2
2010-07-28,13.12
2010-07-29,10.47
2010-07-30,9.8
2010-07-31,13.13
2010-08-01,15.82
2010-08-02,17.89
2010-08-03,9.0
2010-08-04,11.9
2010-08-05,8.37
2010-08-06,12.96
2010-08-07,14.82
2010-08-08,11.31
2010-08-09,13.96
2010-08-10,15.25
2010-08-11,17.07
2010-08-12,9.73
2010-08-13,13.46
2010-08-14,15.32
2010-08-15,4.04
2010-08-16,5.12
2010-08-17,13.16
2010-08-18,13.59
2010-08-19,16.22
2010-08-20,22.51
2010-08-21,19.28
2010-08-22,17.32
2010-08-23,19.85
2010-08-24,10.09
2010-08-25,11.58
2010-08-26,14.7
2010-08-27,8.99
2010-08-28,7.16
2010-08-29,8.41
2010-08-30,7.84
2010-08-31,8.32
2010-09-01,11.7
2010-09-02,17.68
2010-09-03,21.52
2010-09-04,14.77
2010-09-05,16.17
2010-09-06,23.87
2010-09-07,26.59
2010-09-08,10.93
2010-09-09,8.82
2010-09-10,10.64
2010-09-11,12.95
2010-09-12,11.75
2010-09-13,11.31
2010-09-14,15.12
2010-09-15,11.93
2010-09-16,9.08
2010-09-17,12.79
2010-09-18,14.92
2010-09-19,15.11
2010-09-20,16.75
2010-09-21,19.02
2010-09-22,24.31
2010-09-23,19.3
2010-09-24,14.81
2010-09-25,6.6
2010-09-26,7.05
2010-09-27,12.54
2010-09-28,15.26
2010-09-29,16.63
2010-09-30,23.81
2010-10-01,12.76
2010-10-02,14.12
2010-10-03,14.42
2010-10-07,22.87
2010-10-08,27.85
2010-10-09,24.32
2010-10-10,27.09
2010-10-11,28.85
2010-10-12,40.05
2010-10-13,47.53
2010-10-14,41.67
2010-10-15,46.27
2010-10-16,24.22
2010-10-17,4.27
2010-10-18,20.13
2010-10-19,16.51
2010-10-20,6.94
2010-10-21,16.52
2010-10-22,25.51
2010-10-23,22.04
2010-10-24,5.19
2010-10-25,8.63
2010-10-26,13.4
2010-10-27,22.9
2010-10-28,26.42
2010-10-29,29.69
2010-10-30,18.64
2010-10-31,25.26
2010-11-01,25.8
2010-11-02,27.18
2010-11-03,20.88
2010-11-04,13.46
2010-11-05,17.76
2010-11-06,13.79
2010-11-07,6.31
2010-11-08,7.37
2010-11-09,11.46
2010-11-10,9.43
2010-11-11,9.25
2010-11-12,3.98
2010-11-13,6.24
2010-11-14,9.59
2010-11-15,10.1
2010-11-16,4.72
2010-11-17,19.09
2010-11-18,19.56
2010-11-19,18.65
2010-11-20,19.98
2010-11-21,26.77
2010-11-22,20.91
2010-11-23,11.75
2010-11-24,16.75
2010-11-25,16.53
2010-11-26,12.05
2010-11-27,17.39
2010-11-28,30.53
2010-11-29,16.61
2010-11-30,28.67
2010-12-01,30.25
2010-12-02,23.66
2010-12-03,29.58
2010-12-04,26.03
2010-12-05,31.39
2010-12-06,22.58
2010-12-07,19.2
2010-12-08,12.57
2010-12-09,12.56
2010-12-10,17.16
2010-12-11,18.19
2010-12-12,22.91
2010-12-13,14.02
2010-12-14,18.13
2010-12-15,26.8
2010-12-16,24.73
2010-12-17,10.93
2010-12-18,16.63
2010-12-19,17.0
2010-12-20,6.88
2010-12-21,22.26
2010-12-22,29.94
2010-12-23,32.44
2010-12-24,14.24
2010-12-25,9.83
2010-12-26,20.0
2010-12-27,33.63
2010-12-28,39.57
2010-12-29,39.77
2010-12-30,19.4
2010-12-31,20.4
2023-01-01,9.26
2023-01-02,12.93
2023-01-03,7.67
2023-01-04,7.95
2023-01-05,5.66
2023-01-06,8.43
2023-01-07,9.61
2023-01-08,8.4
2023-01-09,5.05
2023-01-10,6.75
2023-01-11,6.88
2023-01-12,7.44
2023-01-13,6.11
2023-01-14,7.07
2023-01-15,4.91
2023-01-16,6.07
2023-01-17,16.16
2023-01-18,22.81
2023-01-19,20.72
2023-01-20,29.77
2023-01-21,19.8
2023-01-22,13.46
2023-01-23,15.89
2023-01-24,17.5
2023-01-25,18.91
2023-01-26,19.73
2023-01-27,15.62
2023-01-28,17.34
2023-01-29,21.53
2023-01-30,22.32
2023-01-31,15.31
2023-02-01,15.79
2023-02-02,12.55
2023-02-03,14.01
2023-02-04,13.26
2023-02-05,17.81
2023-02-06,13.75
2023-02-07,23.68
2023-02-08,32.37
2023-02-09,33.2
2023-02-10,25.95
2023-02-11,27.2
2023-02-12,29.83
2023-02-13,31.9
2023-02-14,28.4
2023-02-15,24.18
2023-02-16,19.73
2023-02-17,14.23
2023-02-18,11.75
2023-02-19,8.98
2023-02-20,15.05
2023-02-21,19.65
2023-02-22,23.88
2023-02-23,22.62
2023-02-24,24.49
2023-02-25,11.38
2023-02-26,9.31
2023-02-27,11.11
2023-02-28,17.73
2023-03-01,24.2
2023-03-02,30.74
2023-03-03,40.34
2023-03-04,34.25
2023-03-05,34.75
2023-03-06,26.57
2023-03-07,18.7
2023-03-08,9.64
2023-03-09,7.75
2023-03-10,6.5
2023-03-11,8.88
2023-03-12,7.61
2023-03-13,6.59
2023-03-14,4.77
2023-03-15,8.02
2023-03-16,10.37
2023-03-17,11.58
2023-03-18,11.44
2023-03-19,11.89
2023-03-20,8.43
2023-03-21,9.28
2023-03-22,8.38
2023-03-23,9.87
2023-03-24,9.28
2023-03-25,6.09
2023-03-26,5.58
2023-03-27,7.14
2023-03-28,11.82
2023-03-29,23.74
2023-03-30,24.64
2023-03-31,11.3
2023-04-01,4.97
2023-04-02,4.78
2023-04-03,8.75
2023-04-04,11.43
2023-04-05,14.24
2023-04-06,11.42
2023-04-07,7.31
2023-04-08,8.25
2023-04-09,13.24
2023-04-10,10.08
2023-04-11,7.5
2023-04-12,7.05
2023-04-13,7.26
2023-04-14,7.83
2023-04-15,5.69
2023-04-16,9.44
2023-04-17,7.53
2023-04-18,11.43
2023-04-19,14.5
2023-04-20,9.0
2023-04-21,14.25
2023-04-22,12.95
2023-04-23,8.46
2023-04-24,7.48
2023-04-25,8.46
2023-04-26,9.75
2023-04-27,9.23
2023-04-28,8.24
2023-04-29,7.23
2023-04-30,11.94
2023-05-01,8.86
2023-05-02,10.93
2023-05-03,13.38
2023-05-04,14.05
2023-05-05,12.18
2023-05-06,12.51
2023-05-07,10.42
2023-05-08,7.12
2023-05-09,10.28
2023-05-10,6.48
2023-05-11,6.59
2023-05-12,8.31
2023-05-13,9.21
2023-05-14,8.82
2023-05-15,8.52
2023-05-16,10.74
2023-05-17,10.57
2023-05-18,11.53
2023-05-19,12.58
2023-05-20,16.54
2023-05-21,12.0
2023-05-22,10.05
2023-05-23,17.02
2023-05-24,17.51
2023-05-25,16.49
2023-05-26,17.95
2023-05-27,17.53
2023-05-28,17.76
2023-05-29,15.63
2023-05-30,16.88
2023-05-31,19.57
2023-06-01,17.07
2023-06-02,18.2
2023-06-03,16.51
2023-06-04,13.07
2023-06-05,15.06
2023-06-06,15.98
2023-06-07,17.11
2023-06-08,16.54
2023-06-09,16.73
2023-06-10,13.12
2023-06-11,14.0
2023-06-12,15.32
2023-06-13,18.8
2023-06-14,17.95
2023-06-15,17.92
2023-06-16,16.71
2023-06-17,15.93
2023-06-18,17.09
2023-06-19,18.59
2023-06-20,19.46
2023-06-21,27.13
2023-06-22,22.57
2023-06-23,10.47
2023-06-24,13.22
2023-06-25,13.92
2023-06-26,15.85
2023-06-27,13.12
2023-06-28,14.36
2023-06-29,17.23
2023-06-30,12.28
2023-07-01,9.17
2023-07-02,10.46
2023-07-03,12.44
2023-07-04,7.98
2023-07-05,9.71
2023-07-06,12.23
2023-07-07,16.84
2023-07-08,14.86
2023-07-09,16.94
2023-07-10,23.7
2023-07-11,23.19
2023-07-12,22.23
2023-07-13,9.71
2023-07-14,11.08
2023-07-15,13.38
2023-07-16,7.93
2023-07-17,13.06
2023-07-18,18.01
2023-07-19,16.0
2023-07-20,12.57
2023-07-21,11.53
2023-07-22,9.09
2023-07-23,13.62
2023-07-24,13.4
2023-07-25,7.35
2023-07-26,7.02
2023-07-27,7.65
2023-07-28,9.75
2023-07-29,9.59
2023-07-30,7.35
2023-07-31,8.64
2023-08-01,9.04
2023-08-02,10.31
2023-08-03,7.05
2023-08-04,5.93
2023-08-05,6.87
2023-08-06,5.2
2023-08-07,5.59
2023-08-08,6.64
2023-08-09,7.84
2023-08-10,10.43
2023-08-11,10.53
2023-08-12,13.53
2023-08-13,15.23
2023-08-14,18.05
2023-08-15,14.29
2023-08-16,15.95
2023-08-17,17.6
2023-08-18,19.28
2023-08-19,19.19
2023-08-20,23.52
2023-08-21,23.36
2023-08-22,28.9
2023-08-23,22.78
2023-08-24,34.13
2023-08-25,18.1
2023-08-26,13.82
2023-08-27,7.09
2023-08-28,6.69
2023-08-29,6.66
2023-08-30,8.35
2023-08-31,8.69
2023-09-01,8.42
2023-09-02,9.59
2023-09-03,9.79
2023-09-04,12.84
2023-09-05,16.4
2023-09-06,16.81
2023-09-07,19.76
2023-09-08,20.76
2023-09-09,18.75
2023-09-10,17.73
2023-09-11,19.0
2023-09-12,18.36
2023-09-13,10.91
2023-09-14,11.63
2023-09-15,14.97
2023-09-16,11.44
2023-09-17,11.34
2023-09-18,11.67
2023-09-19,6.77
2023-09-20,8.75
2023-09-21,9.02
2023-09-22,5.45
2023-09-23,5.74
2023-09-24,6.77
2023-09-25,10.44
2023-09-26,13.45
2023-09-27,15.81
2023-09-28,14.63
2023-09-29,12.5
2023-10-01,16.99
2023-10-02,24.54
2023-10-03,14.81
2023-10-04,10.52
2023-10-05,14.2
2023-10-06,17.71
2023-10-07,13.61
2023-10-08,24.35
2023-10-09,37.42
2023-10-10,36.11
2023-10-11,23.39
2023-10-12,18.04
2023-10-13,18.88
2023-10-14,11.92
2023-10-15,6.59
2023-10-16,10.38
2023-10-17,17.71
2023-10-18,23.47
2023-10-19,18.32
2023-10-20,9.18
2023-10-21,5.07
2023-10-22,6.03
2023-10-23,10.76
2023-10-24,10.47
2023-10-25,6.63
2023-10-26,5.17
2023-10-27,5.1
2023-10-28,6.23
2023-10-29,7.09
2023-10-30,9.37
2023-10-31,5.65
2023-11-01,6.42
2023-11-02,6.2
2023-11-03,5.32
2023-11-04,4.98
2023-11-05,4.94
2023-11-06,5.3
2023-11-07,5.59
2023-11-08,8.02
2023-11-09,6.27
2023-11-10,5.42
2023-11-11,5.28
2023-11-12,6.44
2023-11-13,5.35
2023-11-14,4.86
2023-11-15,6.86
2023-11-16,8.2
2023-11-17,4.9
2023-11-18,8.91
2023-11-19,5.96
2023-11-20,7.27
2023-11-21,7.38
2023-11-22,9.05
2023-11-23,15.12
2023-11-24,9.15
2023-11-25,10.37
2023-11-26,11.25
2023-11-27,9.74
2023-11-28,6.86
2023-11-29,12.32
2023-11-30,12.9
2023-12-01,8.31
2023-12-02,20.94
2023-12-03,12.95
2023-12-04,14.07
2023-12-05,8.65
2023-12-06,10.68
2023-12-07,12.51
2023-12-08,15.18
2023-12-09,9.52
2023-12-10,7.63
2023-12-11,3.6
2023-12-12,2.87
2023-12-13,2.59
2023-12-14,4.32
2023-12-15,9.98
2023-12-16,13.47
2023-12-17,11.76
2023-12-18,9.28
2023-12-19,11.88
2023-12-20,10.07
2023-12-21,4.36
2023-12-22,3.42
2023-12-23,2.31
2023-12-24,2.92
2023-12-25,3.92
2023-12-26,6.94
2023-12-27,12.99
2023-12-28,9.42
2023-12-29,6.46
2023-12-30,7.53
2023-12-31,5.76
2024-01-01,4.69
2024-01-02,3.72
2024-01-03,2.73
2024-01-04,5.78
2024-01-05,7.95
2024-01-06,5.6
2024-01-07,8.05
2024-01-08,15.43
2024-01-09,31.46
2024-01-10,37.56
2024-01-11,23.9
2024-01-12,32.39
2024-01-13,23.44
2024-01-14,21.03
2024-01-15,12.97
2024-01-16,25.07
2024-01-17,17.41
2024-01-18,3.83
2024-01-19,10.96
2024-01-20,22.63
2024-01-21,16.35
2024-01-22,10.64
2024-01-23,8.34
2024-01-24,4.67
2024-01-25,6.39
2024-01-26,10.63
2024-01-27,10.09
2024-01-28,15.24
2024-01-29,20.27
2024-01-30,24.23
2024-01-31,23.95
2024-02-01,19.29
2024-02-02,14.83
2024-02-03,13.96
2024-02-04,18.2
2024-02-05,24.63
2024-02-06,17.81
2024-02-07,14.2
2024-02-08,9.26
2024-02-09,8.31
2024-02-10,12.67
2024-02-11,3.47
2024-02-12,7.03
2024-02-13,10.17
2024-02-14,11.57
2024-02-15,14.53
2024-02-16,15.99
2024-02-17,10.2
2024-02-18,14.76
2024-02-19,7.12
2024-02-20,8.68
2024-02-21,8.49
2024-02-22,5.13
2024-02-23,4.27
2024-02-24,5.12
2024-02-25,5.34
2024-02-26,7.77
2024-02-27,12.84
2024-02-28,24.38
2024-02-29,27.42
2024-03-01,17.23
2024-03-02,9.38
2024-03-03,10.11
2024-03-04,10.34
2024-03-05,8.67
2024-03-06,5.45
2024-03-08,17.29
2024-03-09,22.91
2024-03-10,10.69
2024-03-11,8.51
2024-03-12,9.85
2024-03-13,6.35
2024-03-14,10.64
2024-03-15,9.07
2024-03-16,5.03
2024-03-17,7.35
2024-03-18,7.26
2024-03-19,9.45
2024-03-20,13.32
2024-03-21,11.76
2024-03-22,9.74
2024-03-23,7.19
2024-03-24,4.59
2024-03-25,9.9
2024-03-26,14.76
2024-03-27,6.34
2024-03-28,5.67
2024-03-29,9.01
2024-03-30,72.29
2024-03-31,22.58
2024-04-01,3.62
2024-04-02,4.34
2024-04-03,4.55
2024-04-04,5.18
2024-04-05,8.1
2024-04-06,8.44
2024-04-07,21.16
2024-04-08,53.08
2024-04-09,17.85
2024-04-10,7.65
2024-04-11,10.19
2024-04-12,15.31
2024-04-13,15.98
2024-04-14,11.26
2024-04-15,17.0
2024-04-16,5.78
2024-04-17,3.84
2024-04-18,7.91
2024-04-19,8.01
2024-04-20,4.1
2024-04-21,7.15
2024-04-22,11.01
2024-04-23,13.85
2024-04-24,14.06
2024-04-25,9.56
2024-04-26,9.52
2024-04-27,10.7
2024-04-28,11.3
2024-04-29,12.21
2024-04-30,26.15
2024-05-01,42.88
2024-05-02,9.93
2024-05-03,5.18
2024-05-04,5.73
2024-05-05,5.15
2024-05-06,6.77
2024-05-07,4.96
2024-05-08,9.77
2024-05-09,10.88
2024-05-10,10.25
2024-05-11,12.25
2024-05-12,10.0
2024-05-13,10.59
2024-05-14,9.8
2024-05-15,6.26
2024-05-16,5.55
2024-05-17,4.95
2024-05-18,6.51
2024-05-19,5.81
2024-05-20,7.03
2024-05-21,6.45
2024-05-22,6.79
2024-05-23,6.43
2024-05-24,7.2
2024-05-25,6.93
2024-05-26,7.87
2024-05-27,9.05
2024-05-28,7.42
2024-05-29,8.47
2024-05-30,4.49
2024-05-31,4.18
2024-06-01,5.64
2024-06-02,6.49
2024-06-03,8.51
2024-06-04,13.13
2024-06-05,11.85
2024-06-06,12.99
2024-06-07,15.85
2024-06-08,20.02
2024-06-09,17.91
2024-06-10,9.15
2024-06-11,6.98
2024-06-12,8.56
2024-06-13,10.3
2024-06-14,8.41
2024-06-15,5.25
2024-06-16,4.74
2024-06-17,6.9
2024-06-18,12.57
2024-06-19,26.84
2024-06-20,32.49
2024-06-21,20.94
2024-06-22,6.26
2024-06-23,6.55
2024-06-24,13.89
2024-06-25,16.33
2024-06-26,13.96
2024-06-27,16.52
2024-06-28,18.63
2024-06-29,30.22
2024-06-30,8.33
2024-07-01,7.9
2024-07-02,7.65
2024-07-03,7.38
2024-07-04,6.98
2024-07-05,8.33
2024-07-06,8.1
2024-07-07,6.41
2024-07-08,9.26
2024-07-09,12.83
2024-07-10,15.08
2024-07-11,12.2
2024-07-12,9.91
2024-07-13,6.85
2024-07-14,7.57
2024-07-15,12.45
2024-07-16,9.83
2024-07-17,9.03
2024-07-18,14.85
2024-07-19,17.15
2024-07-20,17.97
2024-07-21,9.78
2024-07-22,6.45
2024-07-23,8.25
2024-07-24,8.14
2024-07-25,11.51
2024-07-26,13.53
2024-07-27,16.12
2024-07-28,12.29
2024-07-29,14.86
2024-07-30,20.66
2024-07-31,22.14
2024-08-01,20.09
2024-08-02,16.01
2024-08-03,13.63
2024-08-04,11.41
2024-08-05,12.56
2024-08-06,13.0
2024-08-07,11.43
2024-08-08,11.89
2024-08-09,9.58
2024-08-10,10.08
2024-08-11,13.62
2024-08-12,13.76
2024-08-13,11.67
2024-08-14,10.44
2024-08-15,11.21
2024-08-16,11.43
2024-08-17,9.44
2024-08-18,5.03
2024-08-19,9.58
2024-08-20,10.68
2024-08-21,11.15
2024-08-22,10.97
2024-08-23,13.28
2024-08-24,15.51
2024-08-25,5.74
2024-08-26,7.57
2024-08-27,13.11
2024-08-28,16.89
2024-08-29,21.39
2024-08-30,21.27
2024-08-31,21.2
2024-09-01,15.65
2024-09-02,13.21
2024-09-03,12.85
2024-09-04,10.2
2024-09-05,8.8
2024-09-06,7.3
2024-09-07,9.01
2024-09-08,11.31
2024-09-09,6.25
2024-09-10,8.45
2024-09-11,7.53
2024-09-12,5.12
2024-09-13,5.34
2024-09-14,6.05
2024-09-15,6.91
2024-09-16,9.46
2024-09-17,6.08
2024-09-18,10.24
2024-09-19,16.44
2024-09-20,15.81
2024-09-21,13.25
2024-09-22,13.91
2024-09-23,9.25
2024-09-24,7.47
2024-09-25,7.35
2024-09-26,4.11
2024-09-27,3.92
2024-09-28,3.94
2024-09-29,6.05
2024-09-30,6.92
2024-10-01,6.58
2024-10-02,5.28
2024-10-03,8.03
2024-10-04,6.44
2024-10-05,8.33
2024-10-06,8.02
2024-10-07,9.04
2024-10-08,7.31
2024-10-09,8.21
2024-10-10,3.95
2024-10-11,6.76
2024-10-12,10.08
2024-10-13,5.92
2024-10-14,10.28
2024-10-15,14.73
2024-10-16,14.87
2024-10-17,14.28
2024-10-18,8.56
2024-10-19,8.08
2024-10-20,11.21
2024-10-21,16.68
2024-10-22,13.47
2024-10-23,10.77
2024-10-24,16.65
2024-10-25,14.11
2024-10-26,10.8
2024-10-27,13.39
2024-10-28,17.24
2024-10-29,13.69
2024-10-30,9.83
2024-10-31,9.26
2024-11-01,17.89
2024-11-02,15.27
2024-11-03,11.81
2024-11-04,11.06
2024-11-05,16.81
2024-11-06,17.62
2024-11-07,24.25
2024-11-08,30.72
2024-11-09,15.61
2024-11-10,8.67
2024-11-11,19.03
2024-11-12,10.35
2024-11-13,18.35
2024-11-14,14.04
2024-11-15,15.52
2024-11-16,17.01
2024-11-17,16.61
2024-11-18,9.98
2024-11-19,5.61
2024-11-20,8.31
2024-11-21,7.62
2024-11-22,14.59
2024-11-23,14.96
2024-11-24,21.77
2024-11-25,24.87
2024-11-26,8.5
2024-11-27,11.61
2024-11-28,13.13
2024-11-29,10.04
2024-11-30,14.11
2024-12-01,19.29
2024-12-02,18.41
2024-12-03,7.59
2024-12-04,10.01
2024-12-05,13.72
2024-12-06,7.87
2024-12-07,4.62
2024-12-08,5.83
2024-12-09,7.8
2024-12-10,13.33
2024-12-11,16.58
2024-12-12,16.5
2024-12-13,19.79
2024-12-14,16.59
2024-12-15,10.23
2024-12-16,12.25
2024-12-17,15.79
2024-12-18,20.15
2024-12-19,9.24
2024-12-20,12.79
2024-12-21,10.1
2024-12-22,3.99
2024-12-23,14.95
2024-12-24,13.23
2024-12-25,12.99
2024-12-26,16.26
2024-12-27,14.64
2024-12-28,14.36
2024-12-29,13.75
2024-12-30,10.79
2024-12-31,15.8
2011-01-01,20.85
2011-01-02,14.14
2012-01-05,1.41
2012-01-06,6.8
2012-01-07,8.51
2012-01-08,5.13
2012-01-09,16.26
2012-01-10,15.33
2012-01-11,21.18
2012-01-12,29.25
2012-01-13,26.52
2012-01-14,18.17
2012-01-15,25.81
2012-01-16,42.75
2012-01-17,58.45
2012-01-18,60.82
2012-01-19,19.96
2012-01-20,4.14
2012-01-21,0.89
2012-01-22,0.53
2012-01-23,5.46
2012-01-24,8.44
2012-01-25,16.24
2012-01-26,19.79
2012-01-27,19.36
2012-01-28,10.59
2012-01-29,25.4
2012-01-30,42.5
2012-01-31,28.45
2012-02-01,41.43
2012-02-02,44.81
2012-02-03,33.11
2012-02-04,36.03
2012-02-05,45.17
2012-02-06,61.42
2012-02-07,46.98
2012-02-08,74.49
2012-02-09,102.11
2012-02-10,47.0
2012-02-11,62.27
2012-02-12,59.37
2012-02-13,99.18
2012-02-14,66.04
2012-02-15,14.2
2012-02-16,19.4
2012-02-17,31.32
2012-02-18,31.98
2012-02-19,20.81
2012-02-20,16.61
2012-02-21,40.14
2012-02-22,65.97
2012-02-23,63.29
2012-02-24,53.92
2012-02-25,40.69
2012-02-26,25.54
2012-02-27,30.61
2012-02-28,35.55
2012-02-29,37.43
2012-03-01,52.32
2012-03-02,47.6
2012-03-03,24.08
2012-03-04,38.08
2012-03-05,13.01
2012-03-06,16.8
2012-03-07,28.2
2012-03-08,13.84
2012-03-09,26.04
2012-03-10,27.05
2012-03-11,24.66
2012-03-12,25.21
2012-03-13,35.74
2012-03-14,44.42
2012-03-15,45.1
2012-03-16,29.01
2012-03-17,25.63
2012-03-18,18.48
2012-03-19,12.85
2012-03-20,22.02
2012-03-21,27.97
2012-03-22,39.5
2012-03-23,34.93
2012-03-24,38.93
2012-03-25,31.45
2012-03-26,30.81
2012-03-27,30.83
2012-03-28,32.51
2012-03-29,33.09
2012-03-30,22.42
2012-03-31,16.53
2012-04-01,20.34
2012-04-02,28.08
2012-04-03,20.79
2012-04-04,13.53
2012-04-05,16.02
2012-04-06,15.64
2012-04-07,12.25
2012-04-08,16.61
2012-04-09,10.19
2012-04-10,11.03
2012-04-11,5.44
2012-04-12,8.1
2012-04-13,13.09
2012-04-14,19.36
2012-04-15,14.5
2012-04-16,9.07
2012-04-17,19.79
2012-04-18,9.19
2012-04-19,5.41
2012-04-20,4.89
2012-04-21,3.26
2012-04-22,3.9
2012-04-23,5.14
2012-04-24,3.69
2012-04-25,10.92
2012-04-26,14.97
2012-04-27,19.89
2012-04-28,21.89
2012-04-29,11.11
2012-04-30,13.32
2012-05-01,10.83
2012-05-02,8.24
2012-05-03,12.65
2012-05-04,11.73
2012-05-05,5.27
2012-05-06,3.32
2012-05-07,6.95
2012-05-08,12.41
2012-05-09,12.4
2012-05-10,12.02
2012-05-11,13.94
2012-05-12,12.09
2012-05-13,13.37
2012-05-14,14.83
2012-05-15,13.99
2012-05-16,7.41
2012-05-17,8.46
2012-05-18,16.59
2012-05-19,16.28
2012-05-20,12.36
2012-05-21,6.86
2012-05-22,6.19
2012-05-23,16.07
2012-05-24,27.37
2012-05-25,26.18
2012-05-26,19.41
2012-05-27,19.41
2012-05-28,15.91
2012-05-29,16.86
2012-05-30,16.0
2012-05-31,11.13
2012-06-01,10.25
2012-06-02,12.51
2012-06-03,9.62
2012-06-04,7.03
2012-06-05,9.26
2012-06-06,14.05
2012-06-07,15.94
2012-06-08,6.81
2012-06-09,10.44
2012-06-10,9.12
2012-06-11,5.07
2012-06-12,4.19
2012-06-13,6.72
2012-06-14,8.71
2012-06-15,14.54
2012-06-16,19.66
2012-06-17,15.7
2012-06-18,20.11
2012-06-19,25.06
2012-06-20,18.24
2012-06-21,18.04
2012-06-22,11.77
2012-06-23,13.41
2012-06-24,12.98
2012-06-25,7.99
2012-06-26,7.88
2012-06-27,10.74
2012-06-28,18.98
2012-06-29,36.21
2012-06-30,32.78
2012-07-01,12.45
2012-07-02,10.41
2012-07-03,10.69
2012-07-04,15.86
2012-07-05,16.35
2012-07-06,10.37
2012-07-07,11.47
2012-07-08,8.73
2012-07-09,7.48
2012-07-10,11.74
2012-07-11,9.68
2012-07-12,7.16
2012-07-13,9.14
2012-07-14,5.06
2012-07-15,4.48
2012-07-16,6.71
2012-07-17,9.69
2012-07-18,10.96
2012-07-19,8.56
2012-07-20,8.75
2012-07-21,8.05
2012-07-22,9.15
2012-07-23,12.2
2012-07-24,18.59
2012-07-25,19.87
2012-07-26,25.47
2012-07-27,29.32
2012-07-28,21.05
2012-07-29,10.86
2012-07-30,12.19
2012-07-31,13.11
2012-08-01,20.05
2012-08-02,17.33
2012-08-03,11.44
2012-08-04,12.89
2012-08-05,7.59
2012-08-06,5.5
2012-08-07,7.67
2012-08-08,11.13
2012-08-09,14.58
2012-08-10,15.29
2012-08-11,17.52
2012-08-12,17.72
2012-08-13,17.61
2012-08-14,19.43
2012-08-15,14.55
2012-08-16,8.11
2012-08-17,15.32
2012-08-18,16.1
2012-08-19,16.91
2012-08-20,27.69
2012-08-21,34.9
2012-08-22,26.83
2012-08-23,25.83
2012-08-24,22.92
2012-08-25,13.29
2012-08-26,6.7
2012-08-27,11.42
2012-08-28,14.55
2012-08-29,19.11
2012-08-30,11.71
2012-08-31,6.88
2012-09-01,5.3
2012-09-02,10.17
2012-09-03,16.68
2012-09-04,32.11
2012-09-05,39.8
2012-09-06,29.68
2012-09-07,27.85
2012-09-08,24.4
2012-09-09,19.68
2012-09-10,21.85
2012-09-11,23.0
2012-09-12,6.13
2012-09-13,9.93
2012-09-14,14.28
2012-09-15,9.93
2012-09-16,13.75
2012-09-17,18.27
2012-09-18,15.73
2012-09-19,10.12
2012-09-20,17.48
2012-09-21,17.0
2012-09-22,14.33
2012-09-23,13.93
2012-09-24,10.22
2012-09-25,14.41
2012-09-26,16.94
2012-09-27,6.11
2012-09-28,12.83
2012-09-29,11.84
2012-09-30,15.93
2012-10-01,16.79
2012-10-02,17.51
2012-10-03,13.3
2012-10-04,13.49
2012-10-05,15.88
2012-10-06,17.88
2012-10-07,8.61
2012-10-08,16.01
2012-10-09,6.48
2012-10-10,8.72
2012-10-11,13.82
2012-10-12,9.71
2012-10-13,12.91
2012-10-14,9.26
2012-10-15,9.52
2012-10-16,16.82
2012-10-17,28.12
2012-10-18,25.06
2012-10-19,27.09
2012-10-20,26.58
2012-10-21,29.24
2012-10-22,40.82
2012-10-23,25.4
2012-10-24,17.55
2012-10-25,23.92
2012-10-26,32.79
2012-10-27,5.89
2012-10-28,6.45
2012-10-29,15.96
2012-10-30,21.56
2012-10-31,28.55
2012-11-01,19.19
2012-11-02,6.29
2012-11-03,6.47
2012-11-04,7.67
2012-11-05,5.36
2012-11-06,13.45
2012-11-07,18.6
2012-11-08,24.79
2012-11-09,32.38
2012-11-10,21.27
2012-11-11,7.93
2012-11-12,12.22
2012-11-13,22.77
2012-11-14,27.64
2012-11-15,27.03
2012-11-16,19.23
2012-11-17,21.69
2012-11-18,30.74
2012-11-19,25.27
2012-11-20,28.69
2012-11-21,27.86
2012-11-22,38.41
2012-11-23,36.57
2012-11-24,36.17
2012-11-25,15.37
2012-11-26,16.61
2012-11-27,6.35
2012-11-28,7.07
2012-11-29,10.27
2012-11-30,12.52
2012-12-01,22.96
2012-12-02,16.74
2012-12-03,14.77
2012-12-04,4.78
2012-12-05,6.96
2012-12-06,13.96
2012-12-07,12.74
2012-12-08,10.65
2012-12-09,17.59
2012-12-10,9.94
2012-12-11,17.82
2012-12-12,38.25
2012-12-13,42.08
2012-12-14,52.44
2012-12-15,7.72
2012-12-16,3.43
2012-12-17,4.34
2012-12-18,4.92
2012-12-19,18.73
2012-12-20,24.44
2012-12-21,14.37
2012-12-22,12.67
2012-12-23,10.46
2012-12-24,28.45
2012-12-25,9.34
2012-12-26,5.21
2012-12-27,4.84
2012-12-28,10.59
2012-12-29,17.41
2012-12-30,6.69
2012-12-31,16.81
2013-01-01,11.49
2013-01-02,11.73
2013-12-31,22.74
2014-01-01,18.79
2014-01-02,11.49
2014-01-03,11.87
2014-01-04,10.86
2014-01-05,5.08
2014-01-06,15.69
2014-01-07,21.45
2014-01-08,18.43
2014-01-09,17.53
2014-01-10,16.19
2014-01-11,23.4
2014-01-12,20.28
2014-01-13,21.66
2014-01-14,11.97
2014-01-15,13.74
2014-01-16,18.93
2014-01-17,10.92
2014-01-18,17.54
2014-01-19,19.2
2014-01-20,14.33
2014-01-21,10.07
2014-01-22,20.93
2014-01-23,13.84
2014-01-24,12.9
2014-01-25,19.72
2014-01-26,13.46
2014-01-27,12.37
2014-01-28,22.48
2014-01-29,30.57
2014-01-30,41.04
2014-01-31,44.0
2014-02-01,24.36
2014-02-02,13.76
2014-02-03,19.12
2014-02-04,28.42
2014-02-05,19.71
2014-02-06,16.77
2014-02-07,8.19
2014-02-08,10.59
2014-02-09,8.87
2014-02-10,17.02
2014-02-11,11.0
2014-02-12,15.92
2014-02-13,6.63
2014-02-14,18.67
2014-02-15,14.59
2014-02-16,7.3
2014-02-17,21.1
2014-02-18,35.51
2014-02-19,29.93
2014-02-20,24.08
2014-02-21,10.26
2014-02-22,8.47
2014-02-23,11.21
2014-02-24,18.53
2014-02-25,19.27
2014-02-26,12.98
2014-02-27,9.66
2014-02-28,7.77
2014-03-01,10.63
2014-03-02,9.7
2014-03-03,12.32
2014-03-04,16.37
2014-03-05,21.7
2014-03-06,31.58
2014-03-07,35.3
2014-03-08,36.49
2014-03-09,35.0
2014-03-10,40.2
2014-03-11,53.77
2014-03-12,57.03
2014-03-13,54.68
2014-03-14,64.25
2014-03-15,44.3
2014-03-16,13.74
2014-03-17,21.1
2014-03-18,24.05
2014-03-19,19.98
2014-03-20,27.51
2014-03-21,33.47
2014-03-22,13.72
2014-03-23,6.82
2014-03-24,10.41
2014-03-25,19.79
2014-03-26,24.67
2014-03-27,27.59
2014-03-28,31.76
2014-03-29,22.44
2014-03-30,19.14
2014-03-31,28.67
2014-04-01,34.04
2014-04-02,41.0
2014-04-03,45.86
2014-04-04,38.11
2014-04-05,28.22
2014-04-06,21.73
2014-04-07,23.85
2014-04-08,12.74
2014-04-09,13.67
2014-04-10,16.88
2014-04-11,18.35
2014-04-12,16.36
2014-04-13,18.64
2014-04-14,18.0
2014-04-15,16.66
2014-04-16,18.1
2014-04-17,18.36
2014-04-18,10.47
2014-04-19,8.79
2014-04-20,11.31
2014-04-21,9.39
2014-04-22,10.8
2014-04-23,12.73
2014-04-24,12.46
2014-04-25,15.58
2014-04-26,6.42
2014-04-27,3.76
2014-04-28,3.01
2014-04-29,5.53
2014-04-30,5.76
2014-05-01,7.44
2014-05-02,6.62
2014-05-03,7.26
2014-05-04,11.0
2014-05-05,13.59
2014-05-06,13.79
2014-05-07,8.06
2014-05-08,8.7
2014-05-09,8.0
2014-05-10,6.83
2014-05-11,5.68
2014-05-12,5.48
2014-05-13,4.58
2014-05-14,8.26
2014-05-15,10.89
2014-05-16,12.28
2014-05-17,9.54
2014-05-18,12.22
2014-05-19,18.58
2014-05-20,19.56
2014-05-21,23.64
2014-05-22,29.09
2014-05-23,8.57
2014-05-24,7.89
2014-05-25,10.09
2014-05-26,10.21
2014-05-27,6.26
2014-05-28,10.39
2014-05-29,8.22
2014-05-30,9.36
2014-05-31,12.22
2014-06-01,11.25
2014-06-02,14.86
2014-06-03,15.74
2014-06-04,13.91
2014-06-05,11.71
2014-06-06,16.52
2014-06-07,21.8
2014-06-08,29.11
2014-06-09,29.03
2014-06-10,24.52
2014-06-11,19.12
2014-06-12,22.99
2014-06-14,15.12
2014-06-15,12.33
2014-06-16,13.04
2014-06-17,15.38
2014-06-18,15.67
2014-06-19,13.99
2014-06-20,12.71
2014-06-21,15.53
2014-06-22,17.09
2014-06-23,18.47
2014-06-24,10.22
2014-06-25,15.92
2014-06-26,17.53
2014-06-27,13.97
2014-06-28,16.91
2014-06-29,4.17
2014-06-30,7.52
2014-07-01,12.48
2014-07-02,9.89
2014-07-03,12.02
2014-07-04,18.45
2014-07-05,8.77
2014-07-06,10.67
2014-07-07,8.37
2014-07-08,4.74
2014-07-09,6.44
2014-07-10,3.4
2014-07-11,6.48
2014-07-12,7.56
2014-07-13,6.03
2014-07-14,6.96
2014-07-15,12.8
2014-07-16,16.8
2014-07-17,19.2
2014-07-18,17.95
2014-07-19,26.19
2014-07-20,17.03
2014-07-21,7.34
2014-07-22,6.45
2014-07-23,18.01
2014-07-24,16.39
2014-07-25,12.65
2014-07-26,9.12
2014-07-27,10.85
2014-07-28,11.97
2014-07-29,4.59
2014-07-30,6.62
2014-07-31,15.97
2014-08-01,24.91
2014-08-02,14.37
2014-08-03,7.93
2014-08-04,11.59
2014-08-05,11.17
2014-08-06,16.17
2014-08-07,13.2
2014-08-08,10.6
2014-08-09,6.53
2014-08-10,12.29
2014-08-11,8.27
2014-08-12,8.8
2014-08-13,7.99
2014-08-14,4.42
2014-08-15,3.44
2014-08-16,4.6
2014-08-17,6.31
2014-08-18,11.31
2014-08-19,10.49
2014-08-20,10.88
2014-08-21,10.49
2014-08-22,11.79
2014-08-23,8.09
2014-08-24,6.32
2014-08-25,13.58
2014-08-26,7.57
2014-08-27,9.08
2014-08-28,12.72
2014-08-29,13.33
2014-08-30,10.22
2014-08-31,9.1
2014-09-01,9.24
2014-09-02,10.37
2014-09-03,13.51
2014-09-04,17.94
2014-09-05,18.21
2014-09-06,16.56
2014-09-07,16.79
2014-09-08,22.28
2014-09-09,17.3
2014-09-10,17.79
2014-09-11,23.1
2014-09-12,13.21
2014-09-13,8.5
2014-09-14,9.61
2014-09-15,20.98
2014-09-16,17.87
2014-09-17,25.18
2014-09-18,20.56
2014-09-19,20.23
2014-09-20,13.84
2014-09-22,23.81
2014-09-23,21.3
2014-09-24,20.56
2014-09-25,21.32
2014-09-26,28.14
2014-09-27,26.52
2014-09-28,18.97
2014-09-29,23.75
2014-09-30,23.67
2014-10-01,18.23
2014-10-02,18.85
2014-10-03,23.46
2014-10-04,22.08
2014-10-05,12.13
2014-10-06,11.07
2014-10-07,12.27
2014-10-08,13.12
2014-10-09,14.88
2014-10-10,16.65
2014-10-11,12.16
2014-10-12,11.24
2014-10-13,13.48
2014-10-14,19.21
2014-10-15,19.33
2014-10-16,14.01
2014-10-17,14.11
2014-10-18,16.29
2014-10-19,11.21
2014-10-20,27.29
2014-10-21,11.76
2014-10-22,8.12
2014-10-23,13.3
2014-10-24,23.82
2014-10-25,24.2
2014-10-26,16.94
2014-10-27,14.22
2014-10-28,24.12
2014-10-29,27.49
2014-10-30,23.47
2014-10-31,29.76
2014-11-01,25.96
2014-11-02,17.33
2014-11-03,27.76
2014-11-04,31.88
2014-11-05,5.8
2014-11-06,21.52
2014-11-07,15.23
2014-11-08,14.91
2014-11-09,17.85
2014-11-10,16.56
2014-11-11,16.54
2014-11-12,12.15
2014-11-13,22.26
2014-11-14,20.25
2014-11-15,6.44
2014-11-16,2.99
2014-11-17,6.62
2014-11-18,14.62
2014-11-19,20.83
2014-11-20,27.62
2014-11-21,36.29
2014-11-22,25.4
2014-11-23,20.1
2014-11-24,32.93
2014-11-25,22.9
2014-11-26,22.5
2014-11-27,18.23
2014-11-28,16.35
2014-11-29,9.93
2014-11-30,11.99
2014-12-01,6.98
2014-12-02,10.95
2014-12-03,17.19
2014-12-04,19.19
2014-12-05,14.15
2014-12-06,10.62
2014-12-07,11.31
2014-12-08,12.49
2014-12-09,15.27
2014-12-10,20.49
2014-12-11,9.67
2014-12-12,11.11
2014-12-13,18.67
2014-12-14,18.05
2014-12-15,26.29
2014-12-16,25.11
2014-12-17,8.25
2014-12-18,8.02
2014-12-19,6.24
2014-12-20,3.8
2014-12-21,9.46
2014-12-22,24.01
2014-12-23,21.71
2014-12-24,13.95
2014-12-25,7.42
2014-12-26,12.9
2014-12-27,7.32
2014-12-28,9.56
2014-12-29,19.31
2014-12-30,20.99
2014-12-31,19.2
2020-01-01,14.7
2020-01-02,18.02
2020-01-03,22.01
2020-01-04,9.95
2020-01-05,12.43
2020-01-06,19.83
2020-01-07,20.35
2020-01-08,22.92
2020-01-09,17.65
2020-01-10,10.92
2020-01-11,13.34
2020-01-12,18.52
2020-01-13,24.01
2020-01-14,15.19
2020-01-15,14.94
2020-01-16,17.11
2020-01-17,16.4
2020-01-18,16.65
2020-01-19,9.6
2020-01-20,16.69
2020-01-21,25.72
2020-01-22,36.59
2020-01-23,25.41
2020-01-24,28.06
2020-01-25,26.45
2020-01-26,41.19
2020-01-27,20.41
2020-01-28,5.7
2020-01-29,7.02
2020-01-30,14.13
2020-01-31,6.62
2020-02-01,5.78
2020-02-02,3.82
2020-02-03,28.89
2020-02-04,18.23
2020-02-05,13.74
2020-02-06,18.53
2020-02-07,22.79
2020-02-08,17.65
2020-02-09,9.87
2020-02-10,7.63
2020-02-11,8.28
2020-02-12,7.17
2020-02-13,7.88
2020-02-14,6.3
2020-02-15,9.47
2020-02-16,7.32
2020-02-17,7.11
2020-02-18,9.58
2020-02-19,5.85
2020-02-20,9.34
2020-02-21,10.61
2020-02-22,9.03
2020-02-23,4.6
2020-02-24,5.82
2020-02-25,7.6
2020-02-26,7.92
2020-02-27,10.98
2020-02-28,15.96
2020-02-29,23.07
2020-03-01,3.89
2020-03-02,8.04
2020-03-03,8.87
2020-03-04,8.46
2020-03-05,8.79
2020-03-06,5.0
2020-03-07,9.46
2020-03-08,8.3
2020-03-09,5.16
2020-03-10,5.01
2020-03-11,5.12
2020-03-12,7.53
2020-03-13,8.33
2020-03-14,10.27
2020-03-15,10.64
2020-03-16,12.78
2020-03-17,15.16
2020-03-18,22.82
2020-03-19,28.38
2020-03-20,20.61
2020-03-21,13.19
2020-03-22,12.21
2020-03-23,13.43
2020-03-24,18.5
2020-03-25,28.88
2020-03-26,26.16
2020-03-27,33.34
2020-03-28,44.63
2020-03-29,34.52
2020-03-30,9.44
2020-03-31,11.61
2020-04-01,20.86
2020-04-02,19.26
2020-04-03,20.94
2020-04-04,20.28
2020-04-05,17.61
2020-04-06,16.69
2020-04-07,20.23
2020-04-08,19.33
2020-04-09,21.27
2020-04-10,18.54
2020-04-11,17.92
2020-04-12,14.77
2020-04-13,18.85
2020-04-14,23.04
2020-04-15,19.16
2020-04-16,20.56
2020-04-17,23.97
2020-04-18,15.54
2020-04-19,10.9
2020-04-20,23.06
2020-04-21,22.83
2020-04-22,23.05
2020-04-23,21.33
2020-04-24,24.02
2020-04-25,15.13
2020-04-26,12.6
2020-04-27,10.57
2020-04-28,6.83
2020-04-29,4.84
2020-04-30,4.61
2020-05-01,4.65
2020-05-02,4.59
2020-05-03,8.45
2020-05-04,6.39
2020-05-05,11.55
2020-05-06,20.04
2020-05-07,14.46
2020-05-08,12.6
2020-05-09,11.1
2020-05-10,11.65
2020-05-11,8.82
2020-05-12,8.03
2020-05-13,14.53
2020-05-14,12.7
2020-05-15,17.17
2020-05-16,18.99
2020-05-17,15.29
2020-05-18,14.43
2020-05-19,14.72
2020-05-20,12.09
2020-05-21,9.53
2020-05-22,11.49
2020-05-23,9.58
2020-05-24,6.55
2020-05-25,9.46
2020-05-26,11.6
2020-05-27,11.73
2020-05-28,13.36
2020-05-29,14.04
2020-05-30,11.73
2020-05-31,10.23
2020-06-01,10.3
2020-06-02,14.16
2020-06-03,14.43
2020-06-04,8.99
2020-06-05,7.72
2020-06-06,5.06
2020-06-07,5.17
2020-06-08,8.94
2020-06-09,10.46
2020-06-10,12.38
2020-06-11,7.93
2020-06-12,9.22
2020-06-13,9.38
2020-06-14,5.84
2020-06-15,9.81
2020-06-16,8.79
2020-06-18,6.65
2020-06-19,6.5
2020-06-20,6.9
2020-06-21,6.13
2020-06-22,8.41
2020-06-23,12.28
2020-06-24,17.45
2020-06-25,22.06
2020-06-26,17.83
2020-06-27,13.21
2020-06-28,9.27
2020-06-29,5.57
2020-06-30,8.18
2020-07-01,10.46
2020-07-02,8.9
2020-07-03,7.79
2020-07-04,8.5
2020-07-05,7.31
2020-07-06,10.22
2020-07-07,11.93
2020-07-08,11.34
2020-07-09,12.31
2020-07-10,16.17
2020-07-11,7.73
2020-07-12,8.79
2020-07-13,10.9
2020-07-14,11.58
2020-07-15,11.96
2020-07-16,7.34
2020-07-17,6.16
2020-07-18,8.74
2020-07-19,9.86
2020-07-20,13.5
2020-07-21,16.95
2020-07-22,15.07
2020-07-23,18.04
2020-07-24,13.9
2020-07-25,10.89
2020-07-26,8.04
2020-07-27,9.49
2020-07-28,16.44
2020-07-29,11.82
2020-07-30,19.98
2020-07-31,23.53
2020-08-01,23.23
2020-08-02,7.68
2020-08-03,8.15
2020-08-04,6.92
2020-08-05,9.27
2020-08-06,12.82
2020-08-07,14.9
2020-08-08,14.45
2020-08-09,15.44
2020-08-10,19.47
2020-08-11,16.08
2020-08-12,19.79
2020-08-13,15.12
2020-08-14,9.28
2020-08-15,8.91
2020-08-16,9.73
2020-08-17,7.37
2020-08-18,8.99
2020-08-19,9.28
2020-08-20,11.18
2020-08-21,12.69
2020-08-22,7.79
2020-08-23,6.67
2020-08-24,7.0
2020-08-25,10.67
2020-08-26,9.26
2020-08-27,9.56
2020-08-28,8.89
2020-08-29,6.47
2020-08-30,4.62
2020-08-31,6.0
2020-09-01,6.01
2020-09-02,8.87
2020-09-03,9.03
2020-09-04,12.12
2020-09-05,10.41
2020-09-06,8.57
2020-09-07,10.96
2020-09-08,12.85
2020-09-09,14.41
2020-09-10,17.17
2020-09-11,20.26
2020-09-12,16.05
2020-09-13,17.52
2020-09-14,22.85
2020-09-15,19.38
2020-09-16,26.14
2020-09-17,27.75
2020-09-18,32.77
2020-09-19,29.16
2020-09-20,22.73
2020-09-21,12.76
2020-09-22,10.62
2020-09-23,7.49
2020-09-24,6.96
2020-09-25,3.96
2020-09-26,4.52
2020-09-27,3.62
2020-09-28,5.59
2020-09-29,6.43
2020-09-30,14.06
2020-10-01,12.95
2020-10-02,13.93
2020-10-03,4.17
2020-10-04,3.29
2020-10-05,4.0
2020-10-06,4.51
2020-10-07,5.5
2020-10-08,6.74
2020-10-09,10.03
2020-10-10,6.86
2020-10-11,6.28
2020-10-12,9.24
2020-10-13,15.07
2020-10-14,13.55
2020-10-15,8.27
2020-10-16,7.73
2020-10-17,10.06
2020-10-18,14.19
2020-10-19,18.16
2020-10-20,16.36
2020-10-21,19.56
2020-10-22,22.99
2020-10-23,8.66
2020-10-24,5.8
2020-10-25,8.25
2020-10-26,5.37
2020-10-27,5.42
2020-10-28,5.1
2020-10-29,4.67
2020-10-30,8.85
2020-10-31,14.29
2020-11-01,10.68
2020-11-02,11.08
2020-11-03,9.15
2020-11-04,8.42
2020-11-05,18.39
2020-11-06,13.91
2020-11-07,13.82
2020-11-08,21.07
2020-11-09,27.76
2020-11-10,16.81
2020-11-11,20.79
2020-11-12,18.68
2020-11-13,19.61
2020-11-14,15.82
2020-11-15,11.37
2020-11-16,5.79
2020-11-17,13.69
2020-11-18,19.09
2020-11-19,9.59
2020-11-20,8.62
2020-11-21,16.54
2020-11-22,21.52
2020-11-23,24.4
2020-11-24,24.02
2020-11-25,17.76
2020-11-26,17.55
2020-11-27,16.19
2020-11-28,13.33
2020-11-29,17.27
2020-11-30,19.63
2020-12-01,19.51
2020-12-02,12.87
2020-12-03,17.29
2020-12-04,16.31
2020-12-05,15.39
2020-12-06,15.99
2020-12-07,14.3
2020-12-08,15.04
2020-12-09,17.07
2020-12-10,12.22
2020-12-11,18.09
2020-12-12,12.43
2020-12-13,6.38
2020-12-14,14.01
2020-12-15,17.71
2020-12-16,10.4
2020-12-17,14.0
2020-12-18,19.73
2020-12-19,15.31
2020-12-20,15.22
2020-12-21,12.93
2020-12-22,5.28
2020-12-23,8.45
2020-12-24,3.79
2020-12-25,6.15
2020-12-26,10.37
2020-12-27,12.09
2020-12-28,13.63
2020-12-29,8.7
2020-12-30,11.74
2020-12-31,15.72
2021-01-01,14.43
2021-01-02,13.86
2021-01-03,14.88
2021-01-04,18.27
2021-01-05,23.35
2021-01-06,22.3
2021-01-07,22.66
2021-01-08,19.2
2021-01-09,21.95
2021-01-10,21.16
2021-01-11,33.07
2021-01-12,14.86
2021-01-13,7.34
2021-01-14,4.57
2021-01-15,9.49
2021-01-16,18.99
2021-01-17,11.92
2021-01-18,12.34
2021-01-19,13.24
2021-01-20,18.49
2021-01-21,11.25
2021-01-22,7.92
2021-01-23,6.85
2021-01-24,10.68
2021-01-25,10.59
2021-01-26,23.34
2021-01-27,17.08
2021-01-28,4.89
2021-01-29,4.49
2021-01-30,5.07
2021-01-31,6.15
2021-02-01,5.21
2021-02-02,4.57
2021-02-03,4.6
2021-02-04,9.92
2021-02-05,17.18
2021-02-06,28.35
2021-02-07,16.12
2021-02-08,5.8
2021-02-09,13.42
2021-02-10,18.11
2021-02-11,28.6
2021-02-12,31.53
2021-02-13,24.26
2021-02-14,23.49
2021-02-15,23.77
2021-02-16,17.22
2021-02-17,12.86
2021-02-18,15.33
2021-02-19,19.94
2021-02-20,21.0
2021-02-21,14.21
2021-02-22,26.4
2021-02-23,49.61
2021-02-24,69.03
2021-02-25,71.1
2021-02-26,55.32
2021-02-27,20.21
2021-02-28,18.56
2021-03-01,34.05
2021-03-02,33.06
2021-03-03,27.65
2021-03-04,25.06
2021-03-05,19.81
2021-03-06,15.32
2021-03-07,25.57
2021-03-08,25.79
2021-03-09,30.39
2021-03-10,27.91
2021-03-11,11.89
2021-03-12,6.54
2021-03-13,5.94
2021-03-14,5.22
2021-03-15,5.74
2021-03-16,12.13
2021-03-17,12.0
2021-03-18,12.55
2021-03-19,14.15
2021-03-20,11.7
2021-03-21,10.2
2021-03-22,17.36
2021-03-23,14.41
2021-03-24,14.92
2021-03-25,12.81
2021-03-26,14.95
2021-03-27,6.6
2021-03-28,8.21
2021-03-29,12.59
2021-03-30,17.97
2021-03-31,18.67
2021-04-01,19.39
2021-04-02,24.13
2021-04-03,16.21
2021-04-04,10.18
2021-04-05,9.22
2021-04-06,11.76
2021-04-07,13.74
2021-04-08,9.05
2021-04-09,12.7
2021-04-10,11.4
2021-04-11,7.74
2021-04-12,9.42
2021-04-13,12.26
2021-04-14,13.32
2021-04-15,14.45
2021-04-16,15.07
2021-04-17,17.39
2021-04-18,16.7
2021-04-19,15.17
2021-04-20,14.75
2021-04-21,14.83
2021-04-22,14.86
2021-04-23,17.59
2021-04-24,14.55
2021-04-25,13.56
2021-04-26,18.91
2021-04-27,22.28
2021-04-28,15.75
2021-04-29,9.27
2021-04-30,9.69
2021-05-01,8.68
2021-05-02,8.58
2021-05-03,10.15
2021-05-04,9.65
2021-05-05,6.45
2021-05-06,6.45
2021-05-07,5.33
2021-05-08,6.12
2021-05-09,7.55
2021-05-10,10.41
2021-05-11,5.98
2021-05-12,6.59
2021-05-13,4.84
2021-05-14,5.69
2021-05-15,5.17
2021-05-16,5.12
2021-05-17,5.65
2021-05-18,5.6
2021-05-19,4.98
2021-05-20,4.96
2021-05-21,7.22
2021-05-22,4.93
2021-05-23,4.13
2021-05-24,5.87
2021-05-25,5.72
2021-05-26,5.76
2021-05-27,7.31
2021-05-28,9.35
2021-05-29,11.2
2021-05-30,10.22
2021-05-31,13.53
2021-06-01,14.97
2021-06-02,11.9
2021-06-03,11.9
2021-06-04,11.36
2021-06-05,6.68
2021-06-06,6.52
2021-06-07,9.5
2021-06-08,9.23
2021-06-09,12.76
2021-06-10,13.92
2021-06-11,13.6
2021-06-12,12.49
2021-06-13,9.97
2021-06-14,13.17
2021-06-15,13.43
2021-06-16,15.83
2021-06-17,18.24
2021-06-18,21.6
2021-06-19,32.56
2021-06-20,33.43
2021-06-21,13.57
2021-06-22,7.03
2021-06-23,7.26
2021-06-24,6.95
2021-06-25,7.84
2021-06-26,10.11
2021-06-27,12.61
2021-06-28,12.39
2021-06-29,7.42
2021-06-30,5.43
2021-07-01,7.0
2021-07-02,9.11
2021-07-03,10.99
2021-07-04,8.36
2021-07-05,6.3
2021-07-06,8.8
2021-07-07,6.42
2021-07-08,7.25
2021-07-09,8.32
2021-07-10,9.53
2021-07-11,8.03
2021-07-12,12.79
2021-07-13,6.05
2021-07-14,6.28
2021-07-15,5.84
2021-07-16,7.48
2021-07-17,12.85
2021-07-18,15.35
2021-07-19,17.38
2021-07-20,18.1
2021-07-21,23.06
2021-07-22,21.87
2021-07-23,25.56
2021-07-24,19.71
2021-07-25,11.68
2021-07-26,10.85
2021-07-27,15.44
2021-07-28,9.65
2021-07-29,10.59
2021-07-30,14.55
2021-07-31,9.54
2021-08-01,8.82
2021-08-02,9.11
2021-08-03,7.53
2021-08-04,8.81
2021-08-05,6.76
2021-08-06,6.76
2021-08-07,8.22
2021-08-08,6.55
2021-08-09,7.14
2021-08-10,9.93
2021-08-11,13.95
2021-08-12,19.15
2021-08-13,17.62
2021-08-14,29.84
2021-08-15,28.66
2021-08-16,8.95
2021-08-17,12.38
2021-08-18,11.22
2021-08-19,10.73
2021-08-20,14.51
2021-08-21,11.44
2021-08-22,8.62
2021-08-23,7.12
2021-08-24,9.32
2021-08-25,11.59
2021-08-26,12.39
2021-08-27,10.69
2021-08-28,7.44
2021-08-29,6.28
2021-08-30,7.25
2021-08-31,10.19
2021-09-01,11.93
2021-09-02,14.58
2021-09-03,14.97
2021-09-04,13.25
2021-09-05,12.45
2021-09-06,13.58
2021-09-07,16.86
2021-09-08,19.4
2021-09-09,17.96
2021-09-10,15.52
2021-09-11,11.1
2021-09-12,9.41
2021-09-13,12.15
2021-09-14,15.95
2021-09-15,16.58
2021-09-16,10.17
2021-09-17,11.86
2021-09-18,11.86
2021-09-19,6.03
2021-09-20,6.36
2021-09-21,10.45
2021-09-22,15.05
2021-09-23,14.17
2021-09-24,11.71
2021-09-25,13.75
2021-09-26,10.57
2021-09-27,11.0
2021-09-28,8.12
2021-09-29,6.05
2021-09-30,7.46
2021-10-01,10.33
2021-10-02,10.41
2021-10-03,9.34
2021-10-04,6.19
2021-10-05,6.44
2021-10-06,4.91
2021-10-07,5.81
2021-10-08,11.32
2021-10-09,17.75
2021-10-10,14.78
2021-10-11,12.69
2021-10-12,13.27
2021-10-13,10.18
2021-10-14,12.05
2021-10-15,15.6
2021-10-16,16.03
2021-10-17,14.0
2021-10-18,12.96
2021-10-19,13.23
2021-10-20,10.65
2021-10-21,6.95
2021-10-22,6.67
2021-10-23,10.46
2021-10-24,12.49
2021-10-25,14.42
2021-10-26,11.29
2021-10-27,14.76
2021-10-28,16.4
2021-10-29,16.81
2021-10-30,15.94
2021-10-31,10.49
2021-11-01,4.15
2021-11-02,4.92
2021-11-03,5.5
2021-11-04,8.07
2021-11-05,8.87
2021-11-06,13.54
2021-11-07,14.02
2021-11-08,9.83
2021-11-09,17.07
2021-11-10,25.81
2021-11-11,23.0
2021-11-12,22.07
2021-11-13,14.09
2021-11-14,10.51
2021-11-15,14.64
2021-11-16,13.58
2021-11-17,9.51
2021-11-18,11.96
2021-11-19,14.27
2021-11-20,11.18
2021-11-21,12.06
2021-11-22,12.65
2021-11-23,14.18
2021-11-24,15.39
2021-11-25,14.68
2021-11-26,12.54
2021-11-27,7.58
2021-11-28,9.37
2021-11-29,16.99
2021-11-30,10.6
2021-12-01,7.94
2021-12-02,8.9
2021-12-03,13.29
2021-12-04,5.49
2021-12-05,8.47
2021-12-06,10.88
2021-12-07,15.48
2021-12-08,10.61
2021-12-09,11.09
2021-12-10,9.59
2021-12-11,11.77
2021-12-12,11.25
2021-12-13,18.09
2021-12-14,15.82
2021-12-15,12.49
2021-12-16,11.01
2021-12-17,15.56
2021-12-18,20.97
2021-12-19,19.45
2021-12-20,14.83
2021-12-21,21.04
2021-12-22,23.12
2021-12-23,32.33
2021-12-24,16.35
2021-12-25,14.13
2021-12-26,15.01
2021-12-27,8.98
2021-12-28,4.58
2021-12-29,4.94
2021-12-30,5.31
2021-12-31,7.9
2022-01-01,11.73
2022-01-02,8.11
2022-01-03,7.45
2022-01-04,6.71
2022-01-05,8.04
2022-01-06,9.03
2022-01-07,7.16
2022-01-08,8.81
2022-01-09,7.98
2022-01-10,12.88
2022-01-11,13.96
2022-01-12,19.41
2022-01-13,29.14
2022-01-14,32.46
2022-01-15,34.05
2022-01-16,26.35
2022-01-17,20.01
2022-01-18,16.41
2022-01-19,21.29
2022-01-20,14.97
2022-01-21,12.14
2022-01-22,17.26
2022-01-23,19.92
2022-01-24,25.82
2022-01-25,28.59
2022-01-26,20.02
2022-01-27,24.01
2022-01-28,23.96
2022-01-29,31.96
2022-01-30,13.31
2022-01-31,9.85
2022-02-01,13.32
2022-02-02,6.1
2022-02-03,11.4
2022-02-04,15.07
2022-02-05,12.83
2022-02-06,7.37
2022-02-07,9.22
2022-02-08,13.58
2022-02-09,15.74
2022-02-10,14.98
2022-02-11,11.14
2022-02-12,13.03
2022-02-13,12.36
2022-02-14,14.43
2022-02-15,8.96
2022-02-16,4.62
2022-02-17,5.78
2022-02-18,9.03
2022-02-19,6.61
2022-02-20,5.28
2022-02-21,7.59
2022-02-22,7.28
2022-02-23,7.94
2022-02-24,9.82
2022-02-25,7.63
2022-02-26,8.16
2022-02-27,10.41
2022-02-28,16.12
2022-03-01,21.67
2022-03-02,24.38
2022-03-03,27.16
2022-03-04,22.67
2022-03-05,21.24
2022-03-06,24.24
2022-03-07,28.08
2022-03-08,38.47
2022-03-09,34.87
2022-03-10,32.55
2022-03-11,35.53
2022-03-12,25.63
2022-03-13,17.23
2022-03-14,8.41
2022-03-15,18.6
2022-03-16,24.71
2022-03-17,33.96
2022-03-18,42.54
2022-03-19,35.52
2022-03-20,30.72
2022-03-21,24.54
2022-03-22,26.21
2022-03-23,27.87
2022-03-24,24.33
2022-03-25,28.32
2022-03-26,30.62
2022-03-27,24.26
2022-03-28,24.65
2022-03-29,42.34
2022-03-30,32.17
2022-03-31,16.32
2022-04-01,12.74
2022-04-02,14.41
2022-04-03,15.85
2022-04-04,17.97
2022-04-05,15.04
2022-04-06,8.31
2022-04-07,5.45
2022-04-08,5.07
2022-04-09,4.9
2022-04-10,5.8
2022-04-11,8.93
2022-04-12,13.47
2022-04-13,18.42
2022-04-14,19.29
2022-04-15,20.99
2022-04-16,12.76
2022-04-17,10.37
2022-04-18,9.88
2022-04-19,10.13
2022-04-20,16.76
2022-04-21,20.5
2022-04-22,24.28
2022-04-23,21.71
2022-04-24,4.22
2022-04-25,6.18
2022-04-26,9.47
2022-04-27,13.73
2022-04-28,13.51
2022-04-29,13.43
2022-04-30,13.46
2022-05-01,11.34
2022-05-02,13.17
2022-05-03,11.5
2022-05-04,11.28
2022-05-05,9.56
2022-05-06,13.37
2022-05-07,17.37
2022-05-08,12.8
2022-05-09,11.99
2022-05-10,9.51
2022-05-11,14.84
2022-05-12,14.55
2022-05-13,15.62
2022-05-14,14.62
2022-05-15,13.12
2022-05-16,13.94
2022-05-17,17.09
2022-05-18,16.68
2022-05-19,14.7
2022-05-20,18.35
2022-05-21,17.91
2022-05-22,18.11
2022-05-23,18.19
2022-05-24,7.41
2022-05-25,6.77
2022-05-26,6.89
2022-05-27,7.85
2022-05-28,7.71
2022-05-29,8.29
2022-05-30,10.28
2022-05-31,9.69
2022-06-01,9.96
2022-06-02,11.78
2022-06-03,14.97
2022-06-04,14.82
2022-06-05,11.5
2022-06-06,8.51
2022-06-07,7.51
2022-06-08,7.41
2022-06-09,7.84
2022-06-10,8.98
2022-06-11,8.51
2022-06-12,8.05
2022-06-13,9.19
2022-06-14,11.48
2022-06-15,19.99
2022-06-16,20.61
2022-06-17,17.13
2022-06-18,29.68
2022-06-19,33.32
2022-06-20,23.78
2022-06-21,30.29
2022-06-22,33.54
2022-06-23,19.84
2022-06-24,11.84
2022-06-25,8.29
2022-06-26,9.05
2022-06-27,6.6
2022-06-28,10.81
2022-06-29,13.38
2022-06-30,14.79
2022-07-01,6.1
2022-07-02,9.5
2022-07-03,9.34
2022-07-04,11.33
2022-07-05,10.6
2022-07-06,10.62
2022-07-07,10.99
2022-07-08,10.28
2022-07-09,10.55
2022-07-10,9.82
2022-07-11,10.93
2022-07-12,9.58
2022-07-13,12.01
2022-07-14,12.98
2022-07-15,17.01
2022-07-16,15.51
2022-07-17,13.88
2022-07-18,19.95
2022-07-19,23.32
2022-07-20,22.23
2022-07-21,16.37
2022-07-22,18.5
2022-07-23,18.13
2022-07-24,19.81
2022-07-25,17.09
2022-07-26,9.53
2022-07-27,12.2
2022-07-28,15.1
2022-07-29,13.07
2022-07-30,11.0
2022-07-31,11.48
2022-08-01,10.23
2022-08-02,11.2
2022-08-03,11.47
2022-08-04,12.85
2022-08-05,13.62
2022-08-07,13.49
2022-08-08,12.04
2022-08-09,13.9
2022-08-10,14.98
2022-08-11,18.06
2022-08-12,16.9
2022-08-13,12.29
2022-08-14,12.83
2022-08-15,12.26
2022-08-16,15.13
2022-08-17,21.15
2022-08-18,11.72
2022-08-19,13.84
2022-08-20,8.8
2022-08-21,7.64
2022-08-22,9.85
2022-08-23,12.66
2022-08-24,14.65
2022-08-25,16.86
2022-08-26,16.37
2022-08-27,11.79
2022-08-28,12.97
2022-08-29,14.32
2022-08-30,14.59
2022-08-31,10.16
2022-09-01,15.11
2022-09-02,16.03
2022-09-03,9.65
2022-09-04,9.6
2022-09-05,12.31
2022-09-06,15.15
2022-09-07,13.32
2022-09-08,6.84
2022-09-09,7.7
2022-09-10,6.07
2022-09-11,6.68
2022-09-12,10.18
2022-09-13,11.93
2022-09-14,12.4
2022-09-15,7.75
2022-09-16,9.9
2022-09-17,5.94
2022-09-18,6.71
2022-09-19,8.29
2022-09-20,10.49
2022-09-21,11.49
2022-09-22,14.11
2022-09-23,13.67
2022-09-24,8.65
2022-09-25,7.21
2022-09-26,10.2
2022-09-27,8.56
2022-09-28,5.51
2022-09-29,6.26
2022-09-30,9.44
2022-10-01,6.89
2022-10-02,5.11
2022-10-03,8.17
2022-10-04,12.44
2022-10-05,10.27
2022-10-06,14.75
2022-10-07,15.55
2022-10-08,14.83
2022-10-09,12.97
2022-10-10,15.23
2022-10-11,18.72
2022-10-12,28.88
2022-10-13,20.09
2022-10-14,11.05
2022-10-15,6.85
2022-10-16,9.11
2022-10-17,12.37
2022-10-18,20.65
2022-10-19,25.1
2022-10-20,29.78
2022-10-21,17.31
2022-10-22,8.25
2022-10-23,14.13
2022-10-24,12.59
2022-10-25,12.31
2022-10-26,17.14
2022-10-27,19.62
2022-10-28,20.26
2022-10-29,22.91
2022-10-30,20.56
2022-10-31,19.51
2022-11-01,12.85
2022-11-02,10.87
2022-11-03,11.68
2022-11-04,5.99
2022-11-05,6.72
2022-11-06,9.03
2022-11-07,7.56
2022-11-08,9.23
2022-11-09,9.43
2022-11-10,9.46
2022-11-11,13.91
2022-11-12,10.42
2022-11-13,10.35
2022-11-14,12.54
2022-11-15,12.55
2022-11-16,7.68
2022-11-17,6.33
2022-11-18,5.31
2022-11-19,6.52
2022-11-20,5.9
2022-11-21,7.33
2022-11-22,6.49
2022-11-23,7.1
2022-11-24,9.47
2022-11-25,10.19
2022-11-26,10.92
2022-11-27,14.58
2022-11-28,12.74
2022-11-29,9.42
2022-11-30,11.66
2022-12-01,17.03
2022-12-02,19.23
2022-12-03,18.16
2022-12-04,19.58
2022-12-05,16.78
2022-12-06,14.92
2022-12-07,17.23
2022-12-08,19.25
2022-12-09,24.57
2022-12-10,20.38
2022-12-11,17.79
2022-12-12,19.77
2022-12-13,27.49
2022-12-14,22.78
2022-12-15,11.08
2022-12-16,16.76
2022-12-17,20.32
2022-12-18,18.5
2022-12-19,16.2
2022-12-20,14.75
2022-12-21,10.95
2022-12-22,7.48
2022-12-23,5.92
2022-12-24,7.29
2022-12-25,10.07
2022-12-26,7.65
2022-12-27,6.67
2022-12-28,7.16
2022-12-29,8.24
2022-12-30,5.6
2022-12-31,6.7
2015-01-01,32.91
2015-01-02,27.97
2015-01-03,13.11
2015-01-04,6.2
2016-01-05,4.92
2016-01-06,6.99
2016-01-07,5.8
2016-01-08,9.74
2016-01-09,8.4
2016-01-10,2.7
2016-01-11,2.61
2016-01-12,1.68
2016-01-13,7.62
2016-01-14,10.55
2016-01-15,10.53
2016-01-16,13.29
2016-01-17,12.92
2016-01-18,22.79
2016-01-19,34.04
2016-01-20,39.61
2016-01-21,29.55
2016-01-22,28.95
2016-01-23,17.71
2016-01-24,18.89
2016-01-25,29.85
2016-01-26,30.32
2016-01-27,42.41
2016-01-28,32.42
2016-01-29,17.73
2016-01-30,10.36
2016-01-31,0.9
2016-02-01,4.33
2016-02-02,8.27
2016-02-03,5.13
2016-02-04,7.15
2016-02-05,12.36
2016-02-06,16.33
2016-02-08,6.77
2016-02-10,8.81
2016-02-12,9.69
2016-02-14,5.46
2016-02-16,14.65
2016-02-17,27.9
2016-02-18,24.89
2016-02-19,16.41
2016-02-20,7.05
2016-02-21,4.54
2016-02-22,23.48
2016-02-23,17.09
2016-02-24,14.75
2016-02-25,9.73
2016-02-26,25.57
2016-02-27,32.67
2016-02-28,38.38
2016-02-29,24.26
2016-03-01,28.52
2016-03-02,9.43
2016-03-03,7.98
2016-03-04,15.82
2016-03-05,6.27
2016-03-06,7.29
2016-03-07,10.57
2016-03-08,10.35
2016-03-09,20.36
2016-03-10,27.52
2016-03-11,42.13
2016-03-12,38.78
2016-03-13,22.66
2016-03-14,22.04
2016-03-15,30.86
2016-03-16,21.53
2016-03-17,30.5
2016-03-18,28.98
2016-03-19,31.79
2016-03-20,47.37
2016-03-21,53.26
2016-03-22,40.67
2016-03-23,21.71
2016-03-24,24.52
2016-03-25,18.65
2016-03-26,10.18
2016-03-27,6.92
2016-03-28,4.22
2016-03-29,9.1
2016-03-30,16.02
2016-03-31,21.32
2016-04-01,17.02
2016-04-02,27.78
2016-04-03,32.53
2016-04-04,36.1
2016-04-05,26.23
2016-04-06,14.33
2016-04-07,10.06
2016-04-08,8.5
2016-04-09,24.18
2016-04-10,15.34
2016-04-11,14.23
2016-04-12,14.63
2016-04-13,6.21
2016-04-14,4.96
2016-04-15,11.14
2016-04-16,11.41
2016-04-17,3.11
2016-04-18,3.91
2016-04-19,13.55
2016-04-20,19.72
2016-04-21,28.79
2016-04-22,16.99
2016-04-23,6.87
2016-04-24,7.86
2016-04-25,8.16
2016-04-26,7.96
2016-04-27,7.96
2016-04-28,10.41
2016-04-29,14.17
2016-04-30,12.23
2016-05-01,3.29
2016-05-02,17.2
2016-05-03,15.67
2016-05-04,11.84
2016-05-05,11.71
2016-05-06,14.15
2016-05-07,15.75
2016-05-08,14.56
2016-05-09,18.53
2016-05-10,15.64
2016-05-11,19.64
2016-05-12,6.33
2016-05-13,5.22
2016-05-14,13.5
2016-05-15,11.19
2016-05-16,10.58
2016-05-17,13.87
2016-05-18,12.76
2016-05-19,4.19
2016-05-20,8.47
2016-05-21,12.65
2016-05-22,14.43
2016-05-23,2.05
2016-05-24,4.66
2016-05-25,10.74
2016-05-26,11.0
2016-05-27,19.99
2016-05-28,11.21
2016-05-29,7.16
2016-05-30,3.09
2016-05-31,2.91
2016-06-01,5.75
2016-06-02,6.86
2016-06-03,4.69
2016-06-04,6.15
2016-06-05,6.23
2016-06-06,7.94
2016-06-07,10.21
2016-06-08,9.56
2016-06-09,9.07
2016-06-10,10.47
2016-06-11,6.29
2016-06-12,4.21
2016-06-13,5.49
2016-06-14,5.98
2016-06-15,6.78
2016-06-16,6.02
2016-06-17,4.65
2016-06-18,5.43
2016-06-19,4.53
2016-06-20,8.17
2016-06-21,8.74
2016-06-22,10.6
2016-06-23,18.08
2016-06-24,21.78
2016-06-25,8.06
2016-06-26,9.53
2016-06-27,8.15
2016-06-28,11.73
2016-06-29,10.98
2016-06-30,13.4
2016-07-01,13.04
2016-07-02,8.43
2016-07-03,8.76
2016-07-04,13.44
2016-07-05,18.6
2016-07-06,12.72
2016-07-07,17.37
2016-07-08,18.36
2016-07-09,14.63
2016-07-10,15.08
2016-07-11,17.49
2016-07-12,10.08
2016-07-13,7.73
2016-07-14,6.91
2016-07-15,9.79
2016-07-16,10.81
2016-07-17,10.17
2016-07-18,12.22
2016-07-19,13.17
2016-07-20,16.59
2016-07-21,28.03
2016-07-22,17.72
2016-07-23,11.57
2016-07-24,10.5
2016-07-25,14.1
2016-07-26,14.79
2016-07-27,13.25
2016-07-28,14.11
2016-07-29,11.05
2016-07-30,12.5
2016-07-31,9.73
2016-08-01,12.08
2016-08-02,13.44
2016-08-03,14.1
2016-08-04,16.51
2016-08-05,5.53
2016-08-06,7.9
2016-08-07,10.47
2016-08-08,10.54
2016-08-09,10.92
2016-08-10,10.17
2016-08-11,9.63
2016-08-12,9.54
2016-08-13,10.84
2016-08-14,10.84
2016-08-15,14.32
2016-08-16,15.5
2016-08-17,13.56
2016-08-18,16.7
2016-08-19,12.46
2016-08-20,11.45
2016-08-21,7.2
2016-08-22,8.92
2016-08-23,11.95
2016-08-24,18.51
2016-08-25,21.39
2016-08-26,18.88
2016-08-27,17.85
2016-08-28,13.61
2016-08-29,16.23
2016-08-30,14.7
2016-08-31,17.11
2016-09-01,16.62
2016-09-02,20.67
2016-09-03,17.2
2016-09-04,12.31
2016-09-05,7.06
2016-09-06,9.51
2016-09-07,16.3
2016-09-08,16.19
2016-09-09,19.33
2016-09-10,17.48
2016-09-11,17.64
2016-09-12,21.56
2016-09-13,21.35
2016-09-14,25.95
2016-09-15,16.04
2016-09-16,9.08
2016-09-17,7.13
2016-09-18,5.8
2016-09-19,10.55
2016-09-20,16.8
2016-09-21,22.65
2016-09-22,23.72
2016-09-23,20.92
2016-09-24,20.92
2016-09-25,13.66
2016-09-26,18.16
2016-09-27,22.83
2016-09-28,17.13
2016-09-29,14.69
2016-09-30,14.35
2016-10-01,9.78
2016-10-02,5.65
2016-10-03,8.85
2016-10-04,10.84
2016-10-05,12.65
2016-10-06,11.77
2016-10-07,16.94
2016-10-08,16.7
2016-10-09,13.05
2016-10-10,14.26
2016-10-11,18.76
2016-10-12,21.31
2016-10-13,25.68
2016-10-14,22.24
2016-10-15,14.78
2016-10-16,14.18
2016-10-17,17.26
2016-10-18,11.26
2016-10-19,10.57
2016-10-20,11.35
2016-10-21,10.44
2016-10-22,14.41
2016-10-23,15.97
2016-10-24,20.52
2016-10-25,11.05
2016-10-26,10.95
2016-10-27,18.4
2016-10-28,19.47
2016-10-29,15.66
2016-10-30,22.99
2016-10-31,22.36
2016-11-01,22.13
2016-11-02,16.86
2016-11-03,16.73
2016-11-04,21.6
2016-11-05,8.75
2016-11-06,5.68
2016-11-07,9.27
2016-11-08,11.68
2016-11-09,9.95
2016-11-10,4.98
2016-11-11,6.89
2016-11-12,14.71
2016-11-13,12.07
2016-11-14,23.17
2016-11-15,21.37
2016-11-16,17.5
2016-11-17,11.71
2016-11-18,7.68
2016-11-19,6.42
2016-11-20,12.14
2016-11-21,28.39
2016-11-22,23.06
2016-11-23,29.96
2016-11-24,30.3
2016-11-25,21.8
2016-11-26,21.17
2016-11-27,14.86
2016-11-28,14.9
2016-11-29,19.66
2016-11-30,34.13
2016-12-01,37.26
2016-12-02,26.53
2016-12-03,25.84
2016-12-04,34.75
2016-12-05,30.39
2016-12-06,30.74
2016-12-07,27.52
2016-12-08,24.48
2016-12-09,36.61
2016-12-10,32.82
2016-12-11,28.7
2016-12-12,23.89
2016-12-13,32.96
2016-12-14,29.75
2016-12-15,21.44
2016-12-16,24.2
2016-12-17,28.06
2016-12-18,24.87
2016-12-19,20.62
2016-12-20,26.9
2016-12-21,28.82
2016-12-22,20.45
2016-12-23,20.76
2016-12-24,15.24
2016-12-25,16.38
2016-12-26,16.99
2016-12-27,15.38
2016-12-28,22.41
2016-12-29,28.52
2016-12-30,31.11
2016-12-31,25.28
2017-01-01,25.29
2017-01-02,22.49
2017-01-03,14.63
2017-01-04,16.42
2017-01-05,11.74
2017-01-06,14.11
2017-01-07,48.13
2017-01-08,27.42
2017-01-09,18.85
2017-01-10,19.03
2017-01-11,9.75
2017-01-12,3.88
2017-01-13,4.92
2017-01-14,5.98
2017-01-15,9.32
2017-01-16,10.75
2017-01-17,11.69
2017-01-18,21.46
2017-01-19,32.07
2017-01-20,48.3
2017-01-21,38.39
2017-01-22,40.45
2017-01-23,62.03
2017-01-24,50.38
2017-01-25,65.77
2017-01-26,81.6
2017-01-27,93.99
2017-01-28,58.65
2017-01-29,33.34
2017-01-30,27.14
2017-01-31,6.6
2017-02-01,13.38
2017-02-02,21.72
2017-02-03,9.25
2017-02-04,6.76
2017-02-05,12.09
2017-02-06,12.55
2017-02-07,15.68
2017-02-08,16.46
2017-02-09,36.33
2017-02-10,48.0
2017-02-11,26.22
2017-02-12,26.94
2017-02-13,33.46
2017-02-14,43.48
2017-02-15,36.78
2017-02-16,33.15
2017-02-17,19.95
2017-02-18,15.46
2017-02-19,17.85
2017-02-20,15.99
2017-02-21,13.6
2017-02-22,10.01
2017-02-23,13.06
2017-02-24,8.82
2017-02-25,13.98
2017-02-26,14.07
2017-02-27,17.92
2017-02-28,1.8
2017-03-01,2.44
2017-03-02,3.3
2017-03-03,14.49
2017-03-04,9.07
2017-03-05,0.76
2017-03-06,1.82
2017-03-07,3.86
2017-03-08,8.51
2017-03-09,3.9
2017-03-10,7.8
2017-03-11,15.31
2017-03-12,16.84
2017-03-13,24.44
2017-03-14,22.47
2017-03-15,29.34
2017-03-16,39.38
2017-03-17,18.27
2017-03-18,11.52
2017-03-19,3.13
2017-03-20,6.2
2017-03-21,6.36
2017-03-22,4.07
2017-03-23,9.97
2017-03-24,24.8
2017-03-25,23.63
2017-03-26,8.56
2017-03-27,19.82
2017-03-28,18.78
2017-03-29,21.68
2017-03-30,24.68
2017-03-31,16.29
2017-04-01,11.89
2017-04-02,11.01
2017-04-03,24.28
2017-04-04,26.29
2017-04-05,17.71
2017-04-06,28.97
2017-04-07,20.25
2017-04-08,19.01
2017-04-09,11.67
2017-04-10,13.57
2017-04-11,28.4
2017-04-12,25.91
2017-04-13,14.01
2017-04-14,10.44
2017-04-15,13.67
2017-04-16,7.47
2017-04-17,8.33
2017-04-18,7.27
2017-04-19,11.57
2017-04-20,16.26
2017-04-21,16.55
2017-04-22,14.88
2017-04-23,13.47
2017-04-24,17.84
2017-04-25,17.28
2017-04-26,4.37
2017-04-27,5.9
2017-04-28,13.47
2017-04-29,14.36
2017-04-30,11.45
2017-05-01,3.76
2017-05-02,8.7
2017-05-03,7.6
2017-05-04,8.72
2017-05-05,11.64
2017-05-06,9.66
2017-05-07,0.92
2017-05-08,5.95
2017-05-09,9.81
2017-05-10,17.15
2017-05-11,11.48
2017-05-12,8.97
2017-05-13,7.39
2017-05-14,5.5
2017-05-15,10.06
2017-05-16,16.58
2017-05-17,18.62
2017-05-18,18.17
2017-05-19,7.13
2017-05-20,6.94
2017-05-21,9.28
2017-05-22,11.19
2017-05-23,12.99
2017-05-24,16.79
2017-05-25,14.34
2017-05-26,17.04
2017-05-27,17.63
2017-05-28,16.96
2017-05-29,16.11
2017-05-30,18.26
2017-05-31,15.4
2017-06-01,11.07
2017-06-02,14.2
2017-06-03,13.99
2017-06-04,4.52
2017-06-05,11.39
2017-06-06,9.19
2017-06-07,9.01
2017-06-08,12.97
2017-06-09,14.3
2017-06-10,12.84
2017-06-11,15.13
2017-06-12,19.1
2017-06-13,21.75
2017-06-14,20.36
2017-06-15,10.81
2017-06-16,14.9
2017-06-17,16.94
2017-06-18,10.36
2017-06-19,20.42
2017-06-20,22.22
2017-06-21,25.82
2017-06-22,26.28
2017-06-23,30.61
2017-06-24,28.42
2017-06-25,13.07
2017-06-26,14.79
2017-06-27,15.78
2017-06-28,8.5
2017-06-29,5.54
2017-06-30,8.18
2017-07-01,3.9
2017-07-02,8.74
2017-07-03,11.09
2017-07-04,13.62
2017-07-05,21.68
2017-07-06,18.52
2017-07-07,20.24
2017-07-08,23.87
2017-07-09,16.92
2017-07-10,18.14
2017-07-11,15.44
2017-07-12,13.14
2017-07-13,20.1
2017-07-14,13.48
2017-07-15,15.82
2017-07-16,11.0
2017-07-17,18.88
2017-07-18,20.58
2017-07-19,24.92
2017-07-20,14.28
2017-07-21,14.93
2017-07-22,14.28
2017-07-23,9.58
2017-07-24,6.51
2017-07-25,5.99
2017-07-26,8.21
2017-07-27,8.96
2017-07-28,9.03
2017-07-29,13.72
2017-07-30,13.29
2017-07-31,18.56
2017-08-01,27.95
2017-08-02,36.22
2017-08-03,33.88
2017-08-04,17.44
2017-08-05,9.43
2017-08-06,6.68
2017-08-07,11.06
2017-08-08,7.92
2017-08-09,9.24
2017-08-10,5.62
2017-08-11,6.36
2017-08-12,7.2
2017-08-13,8.69
2017-08-14,11.18
2017-08-15,13.14
2017-08-16,16.26
2017-08-17,20.47
2017-08-18,18.07
2017-08-19,6.49
2017-08-20,8.44
2017-08-21,12.74
2017-08-22,19.03
2017-08-23,17.94
2017-08-24,17.74
2017-08-25,18.85
2017-08-26,18.27
2017-08-27,19.57
2017-08-28,27.11
2017-08-29,32.21
2017-08-30,28.11
2017-08-31,8.89
2017-09-01,5.52
2017-09-02,6.59
2017-09-03,6.51
2017-09-04,10.87
2017-09-05,9.83
2017-09-06,8.57
2017-09-07,14.01
2017-09-08,16.05
2017-09-09,9.29
2017-09-10,6.63
2017-09-11,6.66
2017-09-12,5.28
2017-09-13,6.0
2017-09-14,5.87
2017-09-15,8.67
2017-09-16,9.43
2017-09-17,5.0
2017-09-18,4.86
2017-09-19,5.73
2017-09-20,9.12
2017-09-21,14.17
2017-09-22,17.63
2017-09-23,17.6
2017-09-24,14.71
2017-09-25,17.92
2017-09-26,22.92
2017-09-27,22.17
2017-09-28,18.99
2017-09-29,21.26
2017-09-30,13.42
2017-10-01,6.67
2017-10-02,8.27
2017-10-03,5.66
2017-10-04,11.48
2017-10-05,9.8
2017-10-06,7.81
2017-10-07,9.82
2017-10-08,4.72
2017-10-09,9.3
2017-10-10,11.37
2017-10-11,12.64
2017-10-12,14.5
2017-10-13,22.29
2017-10-14,20.41
2017-10-15,16.68
2017-10-16,27.02
2017-10-17,23.39
2017-10-18,21.43
2017-10-19,23.93
2017-10-20,21.85
2017-10-21,17.36
2017-10-22,3.47
2017-10-23,3.86
2017-10-24,11.09
2017-10-25,19.15
2017-10-26,17.52
2017-10-27,10.61
2017-10-28,11.61
2017-10-29,5.7
2017-10-30,10.68
2017-10-31,18.88
2017-11-01,22.75
2017-11-02,15.39
2017-11-03,19.61
2017-11-04,19.8
2017-11-05,5.72
2017-11-06,7.73
2017-11-07,11.94
2017-11-08,10.62
2017-11-09,12.86
2017-11-10,12.96
2017-11-11,4.27
2017-11-12,2.6
2017-11-13,6.52
2017-11-14,13.65
2017-11-15,21.09
2017-11-16,24.72
2017-11-17,24.2
2017-11-18,16.88
2017-11-19,10.31
2017-11-20,14.75
2017-11-21,15.25
2017-11-22,22.28
2017-11-23,18.28
2017-11-24,14.44
2017-11-25,5.98
2017-11-26,6.83
2017-11-27,10.15
2017-11-28,8.43
2017-11-29,8.83
2017-11-30,8.13
2017-12-01,10.29
2017-12-02,15.02
2017-12-03,22.11
2017-12-04,16.7
2017-12-05,19.24
2017-12-06,20.82
2017-12-07,25.53
2017-12-08,6.88
2017-12-09,7.86
2017-12-10,4.67
2017-12-11,7.88
2017-12-12,8.14
2017-12-13,8.97
2017-12-14,3.95
2017-12-15,8.25
2017-12-16,9.09
2017-12-17,10.11
2017-12-18,10.36
2017-12-19,16.94
2017-12-20,19.89
2017-12-21,21.98
2017-12-22,24.38
2017-12-23,7.9
2017-12-24,11.92
2017-12-25,14.68
2017-12-26,9.03
2017-12-27,6.73
2017-12-28,8.15
2017-12-29,12.09
2017-12-30,3.23
2017-12-31,4.64
2018-01-01,6.29
2018-01-02,7.99
2018-01-03,5.01
2018-01-04,3.28
2018-01-05,3.58
2018-01-06,9.08
2018-01-07,16.44
2018-01-08,22.07
2018-01-09,25.62
2018-01-10,17.54
2018-01-11,22.9
2018-01-12,23.59
2018-01-13,29.13
2018-01-14,28.12
2018-01-15,19.38
2018-01-16,1.78
2018-01-17,5.06
2018-01-18,4.19
2018-01-19,3.35
2018-01-20,3.74
2018-01-21,2.15
2018-01-22,2.7
2018-01-23,7.73
2018-01-24,13.73
2018-01-25,13.58
2018-01-26,16.67
2018-01-27,12.57
2018-01-28,17.54
2018-01-29,20.86
2018-01-30,16.48
2018-01-31,15.7
2018-02-01,4.73
2018-02-02,12.07
2018-02-03,11.08
2018-02-04,13.86
2018-02-05,22.44
2018-02-06,34.13
2018-02-07,26.18
2018-02-08,30.54
2018-02-09,37.57
2018-02-10,18.69
2018-02-11,9.53
2018-02-12,15.96
2018-02-13,17.89
2018-02-14,22.0
2018-02-15,16.88
2018-02-16,7.97
2018-02-17,7.92
2018-02-18,11.15
2018-02-19,27.52
2018-02-20,27.44
2018-02-21,26.6
2018-02-22,38.08
2018-02-23,33.29
2018-02-24,34.29
2018-02-25,20.37
2018-02-26,17.52
2018-02-27,27.13
2018-02-28,41.83
2018-03-01,46.77
2018-03-02,40.23
2018-03-03,13.89
2018-03-04,13.48
2018-03-05,13.3
2018-03-06,12.71
2018-03-07,5.89
2018-03-08,8.28
2018-03-09,16.92
2018-03-10,14.8
2018-03-11,10.62
2018-03-12,6.1
2018-03-13,2.74
2018-03-14,14.38
2018-03-15,12.43
2018-03-16,13.57
2018-03-17,13.61
2018-03-18,18.43
2018-03-19,35.71
2018-03-20,30.3
2018-03-21,17.93
2018-03-22,23.1
2018-03-23,18.99
2018-03-24,21.24
2018-03-25,14.6
2018-03-26,27.65
2018-03-27,22.68
2018-03-28,4.53
2018-03-29,8.47
2018-03-30,7.63
2018-03-31,4.61
2018-04-01,5.97
2018-04-02,10.1
2018-04-03,29.13
2018-04-04,16.54
2018-04-05,5.23
2018-04-06,17.92
2018-04-07,16.92
2018-04-08,20.96
2018-04-09,20.46
2018-04-10,10.82
2018-04-11,18.8
2018-04-12,14.01
2018-04-13,9.11
2018-04-14,10.75
2018-04-15,15.2
2018-04-16,14.45
2018-04-17,16.6
2018-04-18,18.78
2018-04-19,19.06
2018-04-20,20.57
2018-04-21,16.08
2018-04-22,14.06
2018-04-23,21.05
2018-04-24,17.38
2018-04-25,24.97
2018-04-26,11.98
2018-04-27,20.45
2018-04-28,16.62
2018-04-29,19.27
2018-04-30,6.89
2018-05-01,6.1
2018-05-02,14.92
2018-05-03,19.63
2018-05-04,25.71
2018-05-05,22.77
2018-05-06,24.74
2018-05-07,20.59
2018-05-08,14.49
2018-05-09,17.34
2018-05-10,10.03
2018-05-11,14.77
2018-05-12,12.26
2018-05-13,4.72
2018-05-14,5.75
2018-05-15,7.25
2018-05-16,14.42
2018-05-17,12.11
2018-05-18,19.48
2018-05-19,15.88
2018-05-20,10.57
2018-05-21,8.49
2018-05-22,10.21
2018-05-23,11.72
2018-05-24,10.39
2018-05-25,15.17
2018-05-26,15.6
2018-05-27,14.29
2018-05-28,15.79
2018-05-29,9.36
2018-05-30,12.64
2018-05-31,10.74
2018-06-01,9.34
2018-06-02,9.26
2018-06-03,12.31
2018-06-04,12.05
2018-06-05,12.36
2018-06-06,10.49
2018-06-07,9.51
2018-06-08,12.8
2018-06-09,11.12
2018-06-10,16.4
2018-06-11,18.46
2018-06-12,6.97
2018-06-13,8.54
2018-06-14,13.74
2018-06-15,14.79
2018-06-16,15.07
2018-06-17,12.04
2018-06-18,11.34
2018-06-19,14.69
2018-06-20,19.15
2018-06-21,15.13
2018-06-22,14.41
2018-06-23,11.35
2018-06-24,12.31
2018-06-25,13.8
2018-06-26,12.0
2018-06-27,15.3
2018-06-28,14.77
2018-06-29,12.69
2018-06-30,15.78
2018-07-01,17.86
2018-07-02,24.48
2018-07-03,13.16
2018-07-04,13.81
2018-07-05,8.29
2018-07-06,11.15
2018-07-07,12.26
2018-07-08,15.98
2018-07-09,15.46
2018-07-10,15.62
2018-07-11,13.36
2018-07-12,15.13
2018-07-13,15.84
2018-07-14,15.4
2018-07-15,10.64
2018-07-16,10.49
2018-07-17,16.49
2018-07-18,18.09
2018-07-19,24.2
2018-07-20,18.8
2018-07-21,8.76
2018-07-22,14.02
2018-07-23,19.73
2018-07-24,19.31
2018-07-25,22.96
2018-07-26,19.69
2018-07-27,19.41
2018-07-28,15.06
2018-07-29,13.17
2018-07-30,14.39
2018-07-31,17.79
2018-08-01,20.5
2018-08-02,20.45
2018-08-03,24.19
2018-08-04,23.79
2018-08-05,21.49
2018-08-06,20.45
2018-08-07,13.25
2018-08-08,16.17
2018-08-09,10.56
2018-08-10,5.75
2018-08-11,7.18
2018-08-12,6.89
2018-08-13,8.76
2018-08-14,5.91
2018-08-15,7.69
2018-08-16,12.63
2018-08-17,13.32
2018-08-18,12.08
2018-08-19,16.51
2018-08-20,17.58
2018-08-21,20.5
2018-08-22,15.49
2018-08-23,14.32
2018-08-24,12.22
2018-08-25,9.7
2018-08-26,6.3
2018-08-27,10.09
2018-08-28,15.55
2018-08-29,14.01
2018-08-30,10.06
2018-08-31,15.06
2018-09-01,14.25
2018-09-02,14.34
2018-09-03,14.17
2018-09-04,11.92
2018-09-05,14.25
2018-09-06,13.4
2018-09-07,12.84
2018-09-08,14.17
2018-09-09,11.97
2018-09-10,14.61
2018-09-11,17.28
2018-09-12,22.86
2018-09-13,18.89
2018-09-14,14.96
2018-09-15,13.91
2018-09-16,16.03
2018-09-17,18.77
2018-09-18,18.61
2018-09-19,18.3
2018-09-20,20.95
2018-09-21,18.97
2018-09-22,10.29
2018-09-23,7.53
2018-09-24,6.43
2018-09-25,12.08
2018-09-26,18.25
2018-09-27,20.92
2018-09-28,20.46
2018-09-29,24.39
2018-09-30,20.06
2018-10-01,16.06
2018-10-02,12.79
2018-10-03,12.69
2018-10-04,18.22
2018-10-05,23.38
2018-10-06,17.37
2018-10-07,16.78
2018-10-08,26.73
2018-10-09,27.65
2018-10-10,30.2
2018-10-11,30.75
2018-10-12,17.28
2018-10-13,14.99
2018-10-14,13.73
2018-10-15,22.78
2018-10-16,23.52
2018-10-17,27.58
2018-10-18,34.89
2018-10-19,43.6
2018-10-20,44.1
2018-10-21,35.87
2018-10-22,25.63
2018-10-23,28.61
2018-10-24,15.56
2018-10-25,20.36
2018-10-26,20.62
2018-10-27,10.1
2018-10-28,5.71
2018-10-29,8.97
2018-10-30,6.41
2018-10-31,17.43
2018-11-01,11.45
2018-11-02,12.5
2018-11-03,18.62
2018-11-04,21.52
2018-11-05,29.0
2018-11-06,20.05
2018-11-07,13.32
2018-11-08,11.01
2018-11-09,18.03
2018-11-10,14.23
2018-11-11,12.81
2018-11-12,14.9
2018-11-13,10.54
2018-11-14,17.13
2018-11-15,18.15
2018-11-16,16.5
2018-11-17,24.56
2018-11-18,21.86
2018-11-19,24.38
2018-11-20,29.43
2018-11-21,37.8
2018-11-22,34.0
2018-11-23,20.47
2018-11-24,12.58
2018-11-25,13.53
2018-11-26,19.82
2018-11-27,13.94
2018-11-28,16.7
2018-11-29,22.19
2018-11-30,23.36
2018-12-01,15.06
2018-12-02,7.53
2018-12-03,3.71
2018-12-04,6.58
2018-12-05,15.33
2018-12-06,10.54
2018-12-07,6.96
2018-12-08,3.01
2018-12-09,3.31
2018-12-10,4.85
2018-12-11,13.19
2018-12-12,15.44
2018-12-13,16.95
2018-12-14,26.6
2018-12-15,30.47
2018-12-16,21.85
2018-12-17,12.74
2018-12-18,12.9
2018-12-19,21.85
2018-12-20,7.5
2018-12-21,4.37
2018-12-22,2.81
2018-12-23,3.35
2018-12-24,6.88
2018-12-25,11.03
2018-12-26,14.7
2018-12-27,18.52
2018-12-28,17.39
2018-12-29,18.63
2018-12-30,17.68
2018-12-31,16.9
